id_cliente,data_referencia,estado,ramo_atuacao,data_fundacao,idade_empresa_anos,faturamento_anual,produto_credito,financiamento_veiculo,consorcio,rentabilidade_bruta,rentabilidade_liquida
1,2024-03-01,SP,Agronegócio,2008-01-24,16.10130047912389,4634404.65,1,1,0,585833.05,377692.58
2,2024-01-01,RS,Serviços Financeiros,1992-04-05,31.73990417522245,11349195.69,1,0,0,848706.98,700589.81
3,2024-03-01,MG,Indústria Manufatureira,2012-11-24,11.266255989048597,10245776.95,0,1,0,549522.77,384279.47
4,2024-03-01,ES,Tecnologia,2019-02-19,5.02943189596167,3201459.94,1,0,0,192678.99,127422.44
5,2024-01-01,SP,Saúde,1998-01-03,25.99315537303217,7427931.93,1,0,0,912516.93,649805.1
6,2024-01-01,MG,Construção Civil,1989-09-20,34.280629705681044,9495075.3,0,0,0,664341.68,451841.4
7,2024-03-01,ES,Serviços Financeiros,1981-04-23,42.85557837097878,17099019.29,0,0,0,1489787.83,1171129.38
8,2024-02-01,PE,Comércio Atacadista,2008-09-14,15.381245722108146,4766309.92,0,0,0,477440.87,402389.54
9,2024-03-01,GO,Consultoria,1989-10-09,34.392881587953454,4058557.59,1,0,0,497363.31,352883.46
10,2024-03-01,RJ,Comércio Atacadista,2015-01-25,9.097878165639973,1396130.57,0,0,1,85615.09,69798.41
11,2024-03-01,SP,Serviços Financeiros,2015-12-14,8.213552361396303,7490819.57,1,0,0,678942.72,503412.79
12,2024-03-01,SC,Comércio Atacadista,1994-03-07,29.984941820670773,6136559.24,1,1,0,604495.83,386459.57
13,2024-01-01,CE,Tecnologia,2022-06-04,1.5770020533880904,3607010.93,0,0,0,375427.46,290076.16
14,2024-03-01,PR,Comércio Atacadista,1984-02-12,40.049281314168375,5954894.49,1,0,1,785069.85,571812.4
15,2024-02-01,PR,Educação,2017-10-09,6.313483915126626,2409669.84,1,0,0,161852.27,123436.9
16,2024-01-01,RJ,Saúde,2015-12-15,8.046543463381246,3049193.93,1,0,0,398783.17,327968.0
17,2024-02-01,DF,Comércio Atacadista,2003-07-03,20.583162217659137,1992108.87,0,0,0,237634.37,168746.22
18,2024-02-01,SP,Saúde,2004-11-20,19.197809719370294,4424887.24,0,0,0,467210.93,385586.57
19,2024-02-01,RJ,Agronegócio,2018-06-19,5.620807665982204,8085946.59,0,0,1,969931.83,763983.54
20,2024-02-01,MG,Comércio Varejista,1988-02-02,35.997262149212865,1067880.81,0,1,0,97392.62,70332.2
21,2024-01-01,RS,Tecnologia,2009-05-03,14.663928815879535,2143181.97,1,0,0,136820.22,102725.38
22,2024-01-01,SP,Comércio Varejista,2017-02-13,6.880219028062971,819708.79,0,0,0,95558.8,65113.32
23,2024-02-01,SP,Agronegócio,1992-11-27,31.17864476386037,10995582.52,1,0,0,1126686.89,953063.68
24,2024-02-01,PR,Tecnologia,1996-06-12,27.638603696098563,9905475.69,1,1,0,1128604.94,865456.92
25,2024-01-01,RJ,Serviços Financeiros,1989-05-23,34.60917180013689,14266169.39,1,0,1,1195503.26,730406.72
26,2024-01-01,PR,Serviços Financeiros,2021-11-03,2.1601642710472277,6945441.2,0,0,0,977130.91,666066.64
27,2024-01-01,SP,Saúde,2006-03-18,17.790554414784395,8211476.3,1,0,0,892891.19,674872.71
28,2024-03-01,RS,Agronegócio,2012-03-15,11.961670088980151,4342396.93,1,0,1,254205.0,156103.05
29,2024-03-01,RS,Saúde,1996-11-23,27.26899383983573,4743834.46,1,0,1,450571.29,273033.16
30,2024-03-01,SP,Construção Civil,2004-11-11,19.301848049281315,5279213.18,1,0,0,663257.14,472574.73
31,2024-02-01,RJ,Comércio Atacadista,2017-01-08,7.063655030800821,2490584.61,0,0,0,322315.16,220196.87
32,2024-03-01,SP,Transporte e Logística,2016-06-13,7.715263518138261,4954195.94,1,0,0,492742.87,349637.85
33,2024-02-01,SP,Construção Civil,1991-04-19,32.78850102669404,11584205.1,1,1,0,1615704.19,1075531.19
34,2024-02-01,ES,Comércio Atacadista,2018-06-07,5.653661875427789,2941468.33,0,0,0,225807.24,144782.96
35,2024-03-01,RJ,Tecnologia,2008-07-21,15.611225188227241,2426233.48,1,0,0,220932.5,170623.04
36,2024-02-01,GO,Saúde,2000-05-05,23.742642026009584,4850453.31,0,0,1,678382.9,494298.8
37,2024-03-01,RJ,Tecnologia,1990-09-18,33.451060917180016,3369770.33,1,0,0,470506.45,305847.33
38,2024-03-01,BA,Alimentação,1991-10-14,32.380561259411365,5067651.51,0,0,0,600877.91,408535.3
39,2024-01-01,DF,Alimentação,2019-07-12,4.473648186173854,2708671.09,0,1,0,368103.13,275323.47
40,2024-03-01,PR,Alimentação,1989-03-17,34.95687885010267,4627012.57,0,1,0,272426.13,168374.97
41,2024-01-01,RS,Tecnologia,2001-01-28,22.924024640657084,4532546.41,1,0,0,618690.31,394021.12
42,2024-03-01,MG,Comércio Atacadista,1984-11-06,39.31553730321698,7223033.74,0,0,0,592736.53,366495.75
43,2024-03-01,RJ,Alimentação,2014-07-20,9.61533196440794,2052394.76,1,0,0,139220.4,111805.03
44,2024-01-01,CE,Agronegócio,1982-07-20,41.451060917180016,5562044.39,1,0,1,411240.78,324099.81
45,2024-01-01,GO,Consultoria,2023-09-09,0.31211498973305957,866123.28,1,1,1,79507.39,62677.92
46,2024-03-01,ES,Comércio Atacadista,2022-01-22,2.105407255304586,1925277.1,1,0,0,144625.28,112674.85
47,2024-02-01,SP,Alimentação,2011-11-18,12.205338809034908,2451326.0,0,0,0,201147.87,154350.08
48,2024-01-01,BA,Indústria Manufatureira,2013-11-11,10.13826146475017,6452881.03,0,1,0,409744.06,294707.59
49,2024-02-01,CE,Serviços Financeiros,1984-07-06,39.572895277207394,7202493.43,0,0,0,573445.79,436145.4
50,2024-02-01,SP,Serviços Financeiros,1999-12-24,24.10677618069815,15040354.69,1,0,0,1612752.89,983118.66
51,2024-02-01,SP,Construção Civil,1991-09-25,32.35318275154004,9548182.24,1,0,1,899299.08,679300.05
52,2024-01-01,DF,Serviços Financeiros,1987-02-28,36.84052019164955,9823423.04,1,0,0,831767.66,660813.97
53,2024-02-01,PR,Comércio Atacadista,2007-11-17,16.20807665982204,4826865.06,1,0,0,601645.62,436246.98
54,2024-01-01,PE,Educação,2006-03-12,17.806981519507186,2194620.91,0,0,0,305822.61,210827.48
55,2024-02-01,SP,Saúde,2013-09-25,10.351813826146476,2172783.53,0,0,0,273073.09,182783.3
56,2024-03-01,GO,Comércio Atacadista,2020-01-20,4.112251882272417,3331701.32,0,1,0,277197.78,210864.5
57,2024-03-01,SP,Consultoria,1994-01-04,30.154688569472963,4702249.06,1,0,0,585167.7,452451.84
58,2024-01-01,SP,Comércio Atacadista,2020-05-08,3.649555099247091,2037104.55,1,0,1,132815.18,108608.54
59,2024-03-01,SP,Transporte e Logística,1982-10-03,41.40999315537303,6163806.24,1,0,0,388515.79,266360.03
60,2024-03-01,GO,Saúde,1983-08-27,40.511978097193705,4592004.1,1,0,0,388312.28,307715.38
61,2024-02-01,SC,Indústria Manufatureira,1983-09-25,40.35318275154004,11268537.36,1,0,0,1473589.3,1090955.56
62,2024-01-01,RS,Serviços Financeiros,1985-11-16,38.12457221081451,10716105.26,0,0,0,799794.64,656398.76
63,2024-02-01,RJ,Saúde,2021-03-09,2.8993839835728954,3107689.27,1,1,0,175041.66,128122.27
64,2024-02-01,PE,Serviços Financeiros,2003-10-14,20.301163586584533,11312310.09,0,0,0,714609.41,521241.44
65,2024-02-01,MG,Construção Civil,2022-09-25,1.352498288843258,2863610.69,1,0,1,389091.66,289666.79
66,2024-02-01,GO,Saúde,2012-04-23,11.775496235455167,3965706.61,1,1,0,449625.19,354002.88
67,2024-02-01,MG,Alimentação,1993-11-21,30.195756331279945,1720745.9,1,0,0,129606.78,109021.68
68,2024-02-01,MG,Serviços Financeiros,1996-09-15,27.378507871321013,10583219.38,0,0,0,1116842.72,690645.31
69,2024-02-01,MG,Indústria Manufatureira,1985-04-03,38.83093771389459,10934660.01,1,0,0,1123623.38,689184.12
70,2024-01-01,RJ,Alimentação,1994-10-18,29.204654346338124,3943856.6,0,0,0,455687.38,380219.89
71,2024-03-01,DF,Comércio Varejista,1990-04-01,33.91649555099247,1339841.2,1,0,0,98235.49,71954.44
72,2024-02-01,RS,Tecnologia,1983-11-02,40.24914442162902,9533826.19,0,0,0,1300798.09,980445.02
73,2024-02-01,SP,Tecnologia,1990-01-28,34.00958247775496,4035750.33,1,0,0,326640.94,235379.39
74,2024-02-01,CE,Indústria Manufatureira,1994-09-08,29.399041752224505,6158889.77,0,0,1,735452.52,458491.67
75,2024-02-01,MG,Transporte e Logística,1992-08-07,31.485284052019164,7241796.13,0,0,0,373766.95,296031.77
76,2024-02-01,RS,Comércio Varejista,2003-12-19,20.12046543463381,389481.07,0,1,0,33988.34,26742.24
77,2024-02-01,CE,Construção Civil,2005-04-26,18.767967145790553,8179964.03,1,1,0,696695.57,472307.92
78,2024-03-01,SC,Indústria Manufatureira,2000-07-07,23.64955509924709,6343599.73,1,0,1,661944.75,447845.22
79,2024-03-01,SP,Alimentação,1984-11-14,39.29363449691992,5519416.47,1,0,0,316117.0,255884.17
80,2024-02-01,CE,Tecnologia,1995-07-15,28.550308008213552,7829725.57,0,0,0,1010137.46,624355.17
81,2024-03-01,SC,Tecnologia,2018-01-22,6.105407255304586,3658359.02,0,0,0,262589.99,215396.34
82,2024-01-01,RJ,Tecnologia,2008-11-04,15.156741957563312,7215831.27,0,0,0,849330.63,564096.03
83,2024-02-01,SP,Alimentação,1982-12-11,41.14168377823409,2553672.74,1,0,0,332797.73,249014.63
84,2024-01-01,GO,Agronegócio,2015-02-08,8.895277207392198,3731709.3,1,0,0,396261.61,330481.61
85,2024-01-01,SC,Indústria Manufatureira,1988-09-15,35.29363449691992,6992589.94,1,0,0,867698.74,667720.76
86,2024-02-01,RS,Comércio Atacadista,1986-03-09,37.90006844626968,3702441.16,0,0,0,430171.94,302672.19
87,2024-03-01,CE,Construção Civil,2000-02-15,24.041067761806982,8969709.35,0,0,0,767385.36,592715.83
88,2024-01-01,DF,Tecnologia,2015-09-04,8.32580424366872,4878491.92,0,1,0,638525.58,438025.3
89,2024-02-01,SP,Serviços Financeiros,1982-09-27,41.347022587268995,16105331.32,1,0,0,1279892.89,856651.0
90,2024-01-01,RJ,Indústria Manufatureira,1980-02-25,43.84941820670773,5091556.34,0,0,0,545414.09,463149.73
91,2024-01-01,SP,Consultoria,2017-03-14,6.80082135523614,1525140.04,0,1,0,189940.6,149615.74
92,2024-01-01,DF,Alimentação,2001-04-28,22.677618069815196,2136710.35,1,0,0,187807.42,142955.25
93,2024-01-01,SP,Agronegócio,1997-01-06,26.98425735797399,7715868.81,0,0,0,619404.95,426660.01
94,2024-03-01,PR,Indústria Manufatureira,1996-07-09,27.644079397672826,18226530.42,0,0,0,1748554.92,1070623.06
95,2024-01-01,DF,Construção Civil,2020-08-10,3.3921971252566734,5088076.7,0,0,0,670589.93,407560.57
96,2024-01-01,PE,Agronegócio,1998-12-26,25.01574264202601,10003484.35,0,0,0,1430420.0,1056429.99
97,2024-01-01,RJ,Construção Civil,2004-12-16,19.041752224503764,12401279.82,1,1,1,1296037.18,1024528.0
98,2024-03-01,GO,Indústria Manufatureira,1986-05-07,37.817932922655714,15054834.07,1,0,0,1748568.1,1284051.89
99,2024-01-01,SP,Comércio Atacadista,2022-10-24,1.1882272416153319,1834107.31,0,0,0,257375.44,208524.62
100,2024-01-01,PE,Consultoria,2003-12-11,20.057494866529773,1483530.22,1,0,0,88796.23,54019.78
101,2024-03-01,SP,Construção Civil,1982-10-16,41.374401095140314,9909567.19,0,0,0,725458.19,501790.74
102,2024-03-01,MG,Agronegócio,2002-09-06,21.4839151266256,6023275.57,0,1,0,728153.79,480048.2
103,2024-03-01,GO,Agronegócio,1982-09-03,41.492128678986994,4748131.62,0,0,0,628531.29,447400.04
104,2024-01-01,SP,Construção Civil,2017-02-20,6.861054072553046,5760500.78,0,0,0,781716.68,483174.46
105,2024-03-01,SP,Educação,1982-04-13,41.883641341546884,4858946.5,1,0,0,444645.68,372850.04
106,2024-03-01,BA,Indústria Manufatureira,1985-10-08,38.39561943874059,17220768.86,1,0,0,1014888.62,665578.02
107,2024-01-01,BA,Educação,2005-01-20,18.94592744695414,3124725.12,1,0,0,293030.93,243384.74
108,2024-03-01,SC,Transporte e Logística,1983-11-19,40.28199863107461,6775227.6,1,0,1,495089.32,349767.38
109,2024-01-01,BA,Indústria Manufatureira,2004-06-09,19.561943874058862,7124304.35,1,0,1,563672.43,477081.66
110,2024-02-01,RS,Construção Civil,1988-12-11,35.14031485284052,12619508.29,1,0,1,1605539.1,1185714.06
111,2024-03-01,RJ,Comércio Varejista,1990-07-05,33.65639972621492,1203268.33,0,1,0,69251.35,57666.17
112,2024-02-01,RJ,Construção Civil,2009-05-15,14.715947980835045,4500731.84,0,0,0,597508.71,359304.24
113,2024-01-01,SP,Educação,1993-02-01,30.913073237508556,4481813.04,1,0,1,415763.94,327231.04
114,2024-03-01,CE,Comércio Atacadista,2000-10-04,23.405886379192335,4849118.41,1,0,1,531494.38,438888.21
115,2024-01-01,PR,Construção Civil,1983-04-17,40.709103353867214,10765820.16,0,1,0,634808.99,403059.36
116,2024-02-01,MG,Construção Civil,1991-06-03,32.6652977412731,13137690.15,1,0,0,1100096.41,686494.77
117,2024-01-01,MG,Comércio Atacadista,2018-06-10,5.560574948665297,1445662.89,1,0,1,85250.87,60199.32
118,2024-03-01,ES,Construção Civil,1986-09-23,37.437371663244356,7471772.23,1,0,0,1092032.18,910121.16
119,2024-03-01,SP,Tecnologia,1993-11-17,30.286105407255306,8939521.5,0,1,0,1168629.36,859639.83
120,2024-02-01,PR,Comércio Varejista,1980-09-10,43.39219712525667,978024.13,1,1,0,93854.4,68688.67
121,2024-01-01,RS,Serviços Financeiros,2020-02-05,3.9041752224503763,6407163.82,0,1,0,463624.01,294531.77
122,2024-03-01,PR,Comércio Varejista,1991-02-24,33.01574264202601,342595.53,0,0,0,49109.53,29475.41
123,2024-02-01,SP,Alimentação,2004-05-10,19.72895277207392,5407460.0,0,0,0,456712.23,366527.56
124,2024-03-01,PE,Consultoria,2006-12-11,17.22108145106092,2052559.01,1,0,0,135670.96,84372.9
125,2024-03-01,CE,Construção Civil,1988-11-28,35.25530458590007,13581868.78,1,1,0,1443975.92,1095201.52
126,2024-01-01,PR,Tecnologia,1991-08-09,32.39698836413415,6741979.89,0,0,0,973389.61,806603.3
127,2024-03-01,BA,Indústria Manufatureira,2019-01-03,5.158110882956879,6364804.58,0,0,0,320678.13,209134.41
128,2024-01-01,CE,Construção Civil,2007-05-02,16.66803559206023,10615952.88,0,0,1,783589.86,600479.17
129,2024-03-01,BA,Educação,1980-03-21,43.945242984257355,6073838.13,0,0,0,873689.81,541403.42
130,2024-02-01,SP,Tecnologia,2023-03-24,0.8596851471594799,2937033.78,0,0,0,197100.22,148010.2
131,2024-03-01,PR,Comércio Atacadista,1999-12-14,24.213552361396303,4241953.01,0,1,0,260134.99,166742.09
132,2024-01-01,PR,Tecnologia,2004-02-03,19.90965092402464,7788787.24,0,1,0,833546.05,653490.43
133,2024-01-01,MG,Alimentação,2021-12-05,2.0725530458590007,2814206.35,1,0,0,383250.95,258812.37
134,2024-02-01,BA,Comércio Atacadista,2004-06-19,19.619438740588638,4190487.82,1,0,0,409456.68,293108.64
135,2024-03-01,CE,Transporte e Logística,2004-07-05,19.655030800821354,7867157.06,1,1,0,1175797.17,881680.49
136,2024-03-01,CE,Serviços Financeiros,1981-06-26,42.680355920602324,11594695.96,0,1,0,1367213.73,878870.08
137,2024-02-01,MG,Saúde,2022-01-12,2.0533880903490758,3969220.29,1,1,0,227862.98,178965.74
138,2024-03-01,SP,Tecnologia,1989-04-22,34.85831622176591,9977600.47,1,0,0,1489488.26,1006387.76
139,2024-03-01,ES,Agronegócio,1984-09-28,39.422313483915126,7673853.68,0,0,0,696704.75,533392.26
140,2024-01-01,GO,Educação,1997-10-24,26.187542778918548,3225224.93,0,0,0,253955.03,162422.21
141,2024-03-01,SP,Construção Civil,1986-04-28,37.842573579739906,13436167.57,0,0,0,1421384.2,1097350.41
142,2024-03-01,CE,Educação,1987-03-14,36.96646132785763,3782398.13,1,0,1,304221.15,192282.07
143,2024-02-01,PE,Comércio Varejista,1981-12-11,42.1409993155373,914618.78,0,0,0,53638.51,37886.97
144,2024-02-01,RS,Saúde,2014-07-26,9.519507186858316,3284744.81,1,0,0,164706.41,109002.96
145,2024-01-01,PR,Comércio Varejista,2009-12-26,14.015058179329227,713734.56,1,0,0,67775.05,53345.32
146,2024-03-01,MG,Transporte e Logística,1990-03-26,33.93292265571527,7856157.07,1,1,0,1050260.9,698957.82
147,2024-03-01,SP,Saúde,2010-07-28,13.593429158110883,5429766.16,1,0,0,582242.07,477688.47
148,2024-03-01,RJ,Saúde,1981-08-08,42.562628336755644,8502882.31,1,0,0,1274758.32,1049068.8
149,2024-01-01,GO,Comércio Varejista,1988-08-12,35.38672142368241,1408017.43,0,0,0,110789.38,71914.53
150,2024-01-01,SP,Comércio Atacadista,1993-04-08,30.732375085557837,4109239.76,1,0,0,320707.7,241640.9
151,2024-02-01,RJ,Alimentação,1981-04-13,42.80355920602327,4534240.71,0,0,0,299146.29,186047.87
152,2024-01-01,MG,Comércio Varejista,1994-02-25,29.848049281314168,1688273.86,0,0,0,112112.12,78241.29
153,2024-03-01,RS,Educação,1992-11-17,31.28542094455852,5289079.34,1,0,0,415291.42,323233.95
154,2024-03-01,CE,Comércio Atacadista,1997-09-11,26.469541409993155,5273813.25,0,0,0,681819.7,521493.76
155,2024-01-01,RJ,Educação,2021-02-09,2.891170431211499,1586118.4,1,0,0,222969.67,168604.13
156,2024-03-01,RJ,Alimentação,1987-05-02,36.832306639288156,3988294.21,0,0,0,588308.16,394540.17
157,2024-03-01,BA,Transporte e Logística,1984-07-12,39.63586584531143,4712047.51,1,1,1,345058.36,239645.19
158,2024-01-01,MG,Construção Civil,2012-06-14,11.548254620123203,6264168.7,1,0,0,865268.09,541429.85
159,2024-01-01,SP,Alimentação,2006-09-04,17.32511978097194,1421863.14,1,0,0,117766.54,91829.13
160,2024-03-01,MG,Consultoria,1996-10-07,27.397672826830938,1451029.93,0,1,0,88925.0,64557.08
161,2024-03-01,SP,Indústria Manufatureira,1991-12-14,32.2135523613963,10605214.05,0,0,0,1452940.76,1129213.07
162,2024-03-01,SP,Comércio Atacadista,1980-09-22,43.43874058863792,4177340.49,1,0,0,474590.01,314290.53
163,2024-02-01,RS,Transporte e Logística,2011-12-24,12.106776180698152,4141919.24,0,0,0,275326.17,187527.28
164,2024-02-01,MG,Consultoria,2009-06-14,14.633812457221081,1994012.85,0,0,1,185409.55,126737.41
165,2024-02-01,CE,Agronegócio,1983-11-11,40.224503764544835,8829250.82,0,0,0,695089.56,421527.06
166,2024-01-01,RJ,Transporte e Logística,2007-11-28,16.093086926762492,5335380.42,0,1,0,659876.95,452188.58
167,2024-02-01,PR,Comércio Varejista,1985-05-17,38.71047227926078,1076274.14,0,0,1,102613.72,82175.75
168,2024-01-01,SC,Comércio Varejista,1993-07-11,30.47501711156742,1167708.57,0,0,0,173904.5,143353.76
169,2024-01-01,SP,Alimentação,1997-05-18,26.622861054072555,5023052.76,0,0,0,278651.33,203291.35
170,2024-02-01,SC,Indústria Manufatureira,1985-07-22,38.52977412731006,11260408.93,1,1,0,962782.15,687306.52
171,2024-02-01,SP,Transporte e Logística,2021-11-24,2.187542778918549,2624333.84,1,1,0,257683.38,156595.78
172,2024-02-01,ES,Serviços Financeiros,2019-10-19,4.287474332648871,6222170.46,1,0,0,624166.8,511692.62
173,2024-03-01,SP,Construção Civil,1993-09-27,30.425735797399042,9515906.88,0,0,1,776436.93,468387.56
174,2024-02-01,MG,Alimentação,1980-05-07,43.73716632443532,2951731.17,0,0,1,362838.68,303401.17
175,2024-03-01,SP,Comércio Varejista,1998-10-20,25.363449691991786,794530.67,1,0,0,109227.87,78895.74
176,2024-01-01,ES,Indústria Manufatureira,2008-08-15,15.378507871321013,6137052.61,0,0,0,882949.6,605247.49
177,2024-03-01,RS,Construção Civil,1999-04-17,24.87337440109514,11324924.65,1,0,0,1478008.42,1228305.71
178,2024-02-01,PR,Transporte e Logística,2000-12-06,23.15400410677618,4374890.49,1,0,0,590864.05,358121.37
179,2024-01-01,SP,Transporte e Logística,2008-05-17,15.624914442162902,4246145.22,0,0,0,446076.79,332486.11
180,2024-01-01,DF,Saúde,2009-10-11,14.223134839151266,5798457.36,1,1,0,768810.63,566792.67
181,2024-01-01,SP,Indústria Manufatureira,1984-04-22,39.6933607118412,10310429.8,1,0,0,828447.06,542492.07
182,2024-03-01,CE,Consultoria,1993-04-05,30.90485968514716,3570025.18,0,1,0,320759.18,226847.9
183,2024-02-01,SP,Comércio Varejista,1981-04-16,42.795345653661876,672202.61,0,0,0,54913.11,41902.32
184,2024-01-01,SP,Serviços Financeiros,2006-02-15,17.87542778918549,9092422.5,1,0,0,879589.44,687647.89
185,2024-01-01,SP,Transporte e Logística,1998-11-19,25.117043121149898,5773113.84,0,0,0,453524.06,272195.71
186,2024-01-01,RS,Serviços Financeiros,1988-12-13,35.04996577686516,12586770.21,1,1,1,1839696.74,1534699.59
187,2024-03-01,PR,Transporte e Logística,2001-04-05,22.90485968514716,2703673.28,1,0,0,219766.63,140899.27
188,2024-03-01,SP,Comércio Varejista,2008-01-25,16.098562628336754,1228193.84,1,1,0,73451.46,48360.08
189,2024-02-01,DF,Construção Civil,2017-02-25,6.93223819301848,4005352.32,0,0,0,411276.45,273855.98
190,2024-03-01,MG,Tecnologia,1998-03-26,25.932922655715263,7582453.94,1,1,0,422417.81,257444.66
191,2024-01-01,RS,Construção Civil,2022-09-15,1.2950034223134839,4269176.65,0,1,1,260651.66,164409.43
192,2024-02-01,MG,Transporte e Logística,1982-04-28,41.76317590691308,8131955.36,0,0,0,585004.24,495257.27
193,2024-01-01,MG,Educação,1985-03-26,38.76796714579056,7453109.92,0,1,0,718740.84,487884.29
194,2024-01-01,PR,Tecnologia,2000-09-18,23.28542094455852,3979384.5,1,0,0,371376.43,233530.88
195,2024-03-01,SP,Consultoria,2006-08-20,17.530458590006845,1813454.88,0,0,1,235693.25,147720.23
196,2024-02-01,SP,Tecnologia,2015-09-14,8.383299110198495,4499012.96,1,1,0,557641.25,434884.89
197,2024-03-01,PE,Serviços Financeiros,2016-09-15,7.457905544147844,4588174.86,1,0,0,425011.03,345806.9
198,2024-03-01,ES,Indústria Manufatureira,2019-12-28,4.175222450376454,6715812.15,1,0,0,559900.08,371906.95
199,2024-02-01,MG,Serviços Financeiros,2000-05-25,23.68788501026694,13685358.71,1,0,0,1117366.82,676260.99
200,2024-01-01,RJ,Alimentação,1990-11-09,33.14442162902122,4379380.21,0,1,0,557930.89,365875.74
201,2024-01-01,SC,Serviços Financeiros,2013-09-16,10.291581108829568,8110377.92,1,0,0,447751.59,274977.2
202,2024-02-01,MG,Consultoria,2007-05-15,16.71731690622861,3108295.58,1,1,0,159400.13,99760.37
203,2024-01-01,SP,Educação,1983-05-08,40.65160848733744,2939905.6,0,0,0,380877.82,269614.66
204,2024-02-01,SP,Construção Civil,1991-06-18,32.62422997946612,10195804.59,1,0,1,996279.35,655033.34
205,2024-02-01,BA,Construção Civil,1983-03-08,40.903490759753595,7783591.39,0,0,1,491052.1,357970.34
206,2024-03-01,SC,Agronegócio,1996-03-23,27.939767282683093,10629234.32,1,0,1,781850.27,518658.7
207,2024-02-01,SP,Transporte e Logística,1989-07-14,34.55167693360712,2812485.32,0,0,0,402889.63,336466.96
208,2024-03-01,SP,Educação,1994-08-14,29.54688569472964,4421650.07,0,0,0,601124.64,496821.1
209,2024-01-01,SP,Agronegócio,1982-07-13,41.47022587268994,9630001.55,1,1,0,1165023.19,864099.48
210,2024-01-01,SC,Alimentação,2019-10-23,4.191649555099247,1298642.27,1,0,0,127555.92,87835.77
211,2024-01-01,SP,Comércio Varejista,1980-10-13,43.21697467488022,1015178.74,1,0,0,103581.09,72018.55
212,2024-01-01,SP,Transporte e Logística,2000-06-10,23.55920602327173,5470021.86,0,0,0,806961.99,567264.48
213,2024-03-01,GO,Transporte e Logística,2013-07-18,10.620123203285422,4924209.23,1,0,0,721776.03,564352.95
214,2024-01-01,SP,Saúde,2012-09-26,11.263518138261464,3020665.25,1,0,0,216058.84,154030.45
215,2024-02-01,SC,Saúde,2006-04-16,17.796030116358658,3928712.22,1,1,0,515095.25,419381.53
216,2024-02-01,SP,Comércio Atacadista,1989-07-16,34.54620123203286,6688381.66,1,0,0,466342.51,389873.39
217,2024-02-01,SP,Comércio Atacadista,1981-06-22,42.61190965092403,4590536.9,0,1,1,327552.01,224041.17
218,2024-03-01,SP,Serviços Financeiros,2009-07-24,14.603696098562628,6632994.68,0,0,0,780101.88,577410.84
219,2024-01-01,BA,Comércio Varejista,1987-08-05,36.407939767282684,1523256.8,1,0,0,137854.91,85988.95
220,2024-01-01,PE,Tecnologia,2023-09-01,0.33401779603011633,2603387.38,1,0,0,372686.46,242289.9
221,2024-01-01,GO,Tecnologia,2019-10-19,4.202600958247776,4749372.45,0,0,0,279742.66,196761.6
222,2024-03-01,MG,Saúde,2009-02-21,15.02258726899384,3926863.62,0,0,0,397212.32,258803.96
223,2024-02-01,SC,Saúde,1998-08-06,25.489390828199863,6063600.62,1,1,0,860134.8,704570.93
224,2024-02-01,SP,Saúde,1982-07-11,41.5605749486653,8984440.5,1,0,0,1261517.56,806830.76
225,2024-01-01,RJ,Educação,1989-06-11,34.55715263518138,4194547.82,1,1,0,275384.32,196601.05
226,2024-02-01,CE,Indústria Manufatureira,2013-07-09,10.565366187542779,8437068.04,0,0,0,731188.12,549432.9
227,2024-02-01,SP,Comércio Atacadista,2013-07-09,10.565366187542779,2996432.02,1,0,0,335337.12,259204.18
228,2024-03-01,SP,Educação,2016-08-01,7.581108829568788,3958045.74,0,1,0,260991.51,181589.37
229,2024-03-01,SP,Construção Civil,2012-01-12,12.134154688569472,9451513.4,0,0,0,1387503.12,1133971.29
230,2024-03-01,SP,Tecnologia,1989-02-25,35.011635865845314,4511783.41,0,0,0,638304.25,473672.69
231,2024-03-01,SP,Alimentação,2022-01-25,2.0971937029431897,1916942.22,1,0,1,127850.5,90758.12
232,2024-01-01,PR,Consultoria,1981-04-07,42.73511293634497,2265236.41,0,0,1,140706.4,86789.13
233,2024-03-01,MG,Transporte e Logística,2016-10-05,7.403148528405202,3622189.56,1,1,1,212046.05,151861.52
234,2024-02-01,CE,Comércio Atacadista,1990-08-22,33.445585215605746,5102555.94,1,1,0,719176.51,579069.39
235,2024-01-01,GO,Agronegócio,1985-04-15,38.71321013004791,5979609.08,0,0,0,414759.92,312577.7
236,2024-02-01,RJ,Construção Civil,2010-06-06,13.656399726214921,8868766.68,0,0,0,812631.72,656639.44
237,2024-02-01,RJ,Alimentação,2006-12-23,17.1088295687885,2952909.74,0,1,0,280187.24,202716.29
238,2024-02-01,MG,Comércio Atacadista,1985-03-10,38.89664613278576,4572975.45,0,0,0,502575.05,316429.01
239,2024-03-01,PR,Consultoria,1984-01-10,40.139630390143736,2605701.16,1,1,0,148977.14,89894.29
240,2024-03-01,RJ,Educação,2005-07-13,18.633812457221083,3622846.29,1,0,0,263293.48,177935.02
241,2024-01-01,SC,Comércio Varejista,2021-04-03,2.746064339493498,638241.77,1,0,0,91363.7,70760.97
242,2024-01-01,MG,Transporte e Logística,2006-11-08,17.14715947980835,4469301.35,0,0,0,629460.92,502035.98
243,2024-03-01,PR,Comércio Atacadista,1984-05-28,39.75906913073238,751220.64,0,0,0,96253.2,64868.71
244,2024-02-01,MG,Indústria Manufatureira,2010-02-26,13.930184804928132,7672976.18,0,0,0,398535.34,288505.1
245,2024-01-01,RJ,Saúde,2023-01-12,0.9691991786447639,1666165.46,1,1,0,137793.01,97182.62
246,2024-03-01,ES,Saúde,2003-11-12,20.301163586584533,5287633.25,1,1,1,596423.21,419065.26
247,2024-03-01,DF,Transporte e Logística,1983-11-11,40.303901437371664,3616442.02,0,0,1,280343.05,184420.08
248,2024-03-01,SP,Consultoria,1980-07-27,43.59479808350445,1725152.13,1,0,1,243175.15,154195.61
249,2024-02-01,PE,Alimentação,2001-07-12,22.55715263518138,4374459.98,0,0,0,496015.41,321999.38
250,2024-03-01,RS,Educação,2007-08-23,16.522929500342233,2971414.84,0,0,0,169937.21,104313.08
251,2024-03-01,CE,Saúde,1986-03-24,37.93839835728953,6167009.46,0,0,0,868935.08,564401.74
252,2024-03-01,GO,Comércio Atacadista,2002-11-09,21.308692676249144,4728842.4,1,1,1,689354.88,415198.6
253,2024-03-01,MG,Agronegócio,2007-09-25,16.432580424366872,5666869.2,1,0,0,327382.07,247767.53
254,2024-01-01,SP,Tecnologia,2001-07-27,22.431211498973305,10381698.58,1,0,0,1071765.28,727829.21
255,2024-01-01,RJ,Tecnologia,2012-05-11,11.641341546885695,4357459.21,1,0,0,350062.71,295203.04
256,2024-03-01,RS,Construção Civil,2017-02-09,7.055441478439425,6003806.05,1,0,0,536043.26,347586.14
257,2024-02-01,SC,Alimentação,2018-04-25,5.771389459274469,2495860.62,0,1,0,169631.47,116444.73
258,2024-01-01,RJ,Serviços Financeiros,2000-10-22,23.19233401779603,15988462.74,1,0,0,1723671.56,1188403.1
259,2024-03-01,SP,Comércio Varejista,1996-01-16,28.123203285420946,935272.24,1,0,0,136360.76,82104.57
260,2024-01-01,GO,Transporte e Logística,2017-03-16,6.795345653661875,2929437.84,1,0,0,293843.88,237955.36
261,2024-01-01,ES,Construção Civil,1989-05-11,34.64202600958248,13823775.63,1,1,0,805808.04,489930.17
262,2024-02-01,RS,Serviços Financeiros,1992-10-23,31.274469541409992,15537733.64,1,1,0,1740228.24,1453168.82
263,2024-03-01,SP,Educação,2018-09-01,5.49760438056126,3034973.48,0,0,0,255005.45,209874.23
264,2024-03-01,RJ,Indústria Manufatureira,2002-04-03,21.911019849418206,5557922.74,1,0,0,753612.75,553061.68
265,2024-02-01,SP,Indústria Manufatureira,1990-07-16,33.54688569472964,16474499.17,1,0,0,1539835.44,1133163.2
266,2024-02-01,CE,Comércio Varejista,2004-04-23,19.77549623545517,767247.18,1,0,0,53157.92,40583.12
267,2024-03-01,SP,Alimentação,2000-12-16,23.20602327173169,3427386.58,0,0,0,236868.61,165041.17
268,2024-03-01,PR,Saúde,1999-01-03,25.15811088295688,6041009.99,0,0,0,766461.71,583894.8
269,2024-02-01,RJ,Comércio Atacadista,1992-07-23,31.526351813826146,3682275.75,1,0,0,281910.46,172301.45
270,2024-01-01,PR,Construção Civil,1990-11-19,33.1170431211499,5762392.71,0,0,0,730229.65,448004.58
271,2024-01-01,SC,Construção Civil,1996-09-17,27.288158795345655,4509829.76,0,0,0,318343.16,227394.94
272,2024-02-01,GO,Transporte e Logística,1995-12-18,28.123203285420946,6230183.42,0,0,0,511925.68,377496.85
273,2024-01-01,SP,Transporte e Logística,1994-12-15,29.045859000684462,3325335.44,1,1,0,321056.8,263894.06
274,2024-02-01,SP,Indústria Manufatureira,1991-05-08,32.73648186173853,7423372.37,0,1,0,1071338.02,670834.54
275,2024-01-01,SP,Indústria Manufatureira,1985-04-11,38.724161533196444,10514128.91,0,0,0,1505340.88,1212795.91
276,2024-01-01,CE,Alimentação,1985-09-25,38.26694045174538,781340.44,0,0,0,55230.76,36038.72
277,2024-03-01,PE,Consultoria,2010-04-07,13.900068446269678,2509338.49,0,0,0,215356.21,150430.81
278,2024-03-01,PR,Agronegócio,2012-05-24,11.770020533880903,1540238.27,0,1,0,100022.98,67930.67
279,2024-01-01,PR,Agronegócio,2005-09-20,18.28062970568104,6543612.35,1,0,0,660895.08,462652.21
280,2024-01-01,SC,Consultoria,1992-02-27,31.84394250513347,3013517.3,0,0,0,289473.21,184575.03
281,2024-03-01,SP,Saúde,1988-04-12,35.885010266940455,8129929.61,1,1,0,1138808.15,826652.32
282,2024-03-01,CE,Agronegócio,1987-01-23,37.10335386721424,8640587.89,0,0,0,1235608.72,988994.37
283,2024-03-01,MG,Alimentação,2003-05-02,20.83230663928816,4916329.32,1,0,0,434390.83,308584.08
284,2024-02-01,MG,Comércio Atacadista,2022-09-10,1.3935660506502396,2278190.29,0,0,0,225936.78,163273.98
285,2024-01-01,RS,Comércio Atacadista,2010-03-21,13.782340862422998,4446038.88,0,1,0,620772.07,504186.04
286,2024-03-01,SP,Construção Civil,2018-08-04,5.574264202600959,4004731.1,1,1,0,523301.34,406351.09
287,2024-01-01,SP,Tecnologia,2018-10-10,5.2265571526351815,3921066.1,0,0,0,197486.97,142706.77
288,2024-02-01,BA,Consultoria,2000-08-11,23.474332648870636,3819492.35,0,1,0,313221.12,208111.6
289,2024-02-01,SP,Comércio Atacadista,1988-01-09,36.062970568104035,4643457.31,0,0,0,428021.93,351505.18
290,2024-03-01,PR,Serviços Financeiros,2021-08-04,2.5735797399041753,5968851.94,1,1,0,435556.85,324165.4
291,2024-02-01,SP,Indústria Manufatureira,2016-07-16,7.545516769336071,8021464.04,1,0,0,561158.86,367720.05
292,2024-01-01,MG,Transporte e Logística,1983-11-22,40.10951403148528,4858319.65,0,1,1,261272.9,174342.17
293,2024-03-01,RJ,Alimentação,1982-03-26,41.93292265571527,1318244.63,1,0,0,150724.1,120697.34
294,2024-01-01,RJ,Agronegócio,2004-05-03,19.66324435318275,7473253.98,0,0,1,569843.31,348195.0
295,2024-01-01,BA,Consultoria,2023-02-18,0.8678986995208761,1623439.99,0,1,0,89670.25,76042.44
296,2024-02-01,RJ,Construção Civil,2013-10-20,10.283367556468173,3601093.78,0,0,0,263232.5,166517.7
297,2024-02-01,PR,Comércio Varejista,2014-04-25,9.77138945927447,893935.07,1,0,0,116382.65,92991.73
298,2024-02-01,RS,Transporte e Logística,2002-08-15,21.464750171115675,6235727.85,0,0,0,842751.87,588825.53
299,2024-02-01,SC,Serviços Financeiros,1993-10-14,30.299794661190965,3974389.03,1,0,0,390708.77,282503.56
300,2024-02-01,CE,Agronegócio,1993-10-02,30.33264887063655,6292242.34,1,0,0,576413.87,472753.12
301,2024-03-01,BA,Serviços Financeiros,2006-12-04,17.240246406570844,8204504.5,1,0,0,1212505.73,852667.73
302,2024-01-01,SP,Indústria Manufatureira,2021-04-21,2.6967830253251197,4831586.31,1,0,0,338483.86,248573.56
303,2024-01-01,SP,Indústria Manufatureira,1989-11-03,34.16016427104723,8741921.86,0,1,0,625361.49,382924.42
304,2024-01-01,RJ,Alimentação,1986-03-18,37.790554414784395,2853371.85,0,1,0,225949.15,135702.09
305,2024-01-01,PR,Saúde,1983-01-14,40.9637234770705,10510114.07,1,0,1,707075.62,467518.37
306,2024-02-01,SP,Construção Civil,1999-10-16,24.295687885010267,8573273.23,0,0,0,753904.15,580616.1
307,2024-01-01,RS,Transporte e Logística,1992-04-10,31.72621492128679,4946793.14,1,0,0,697910.51,439904.32
308,2024-03-01,PR,Educação,2011-12-28,12.175222450376454,2860004.82,0,0,0,318990.02,200466.24
309,2024-03-01,RJ,Educação,1999-11-08,24.31211498973306,4630680.38,0,0,0,422293.3,296762.46
310,2024-01-01,DF,Transporte e Logística,2020-11-19,3.1156741957563314,2934210.97,0,0,1,420886.39,320698.28
311,2024-01-01,SP,Comércio Varejista,2009-04-14,14.715947980835045,814333.49,1,0,0,44663.28,34748.83
312,2024-03-01,SP,Alimentação,1985-04-21,38.861054072553046,3018731.25,0,0,0,214413.29,138213.52
313,2024-03-01,BA,Construção Civil,1986-05-27,37.76317590691308,8013607.46,1,0,0,854161.29,529492.05
314,2024-02-01,RS,Serviços Financeiros,1986-01-06,38.06981519507187,10258218.55,0,1,0,1144358.26,955652.74
315,2024-03-01,BA,Comércio Varejista,2014-10-24,9.352498288843258,808400.37,1,0,0,43617.85,29013.14
316,2024-02-01,MG,Tecnologia,2016-05-15,7.715263518138261,2917361.18,0,0,0,263449.02,214272.74
317,2024-02-01,SP,Transporte e Logística,1985-12-10,38.143737166324435,6987379.79,0,1,0,802957.52,655111.25
318,2024-02-01,GO,Serviços Financeiros,2010-05-17,13.711156741957563,12000315.76,0,0,0,1437722.49,1140301.77
319,2024-02-01,GO,Educação,2003-08-03,20.49828884325804,4000991.94,1,0,0,455368.86,292441.71
320,2024-02-01,BA,Comércio Atacadista,2006-07-24,17.52498288843258,3336437.57,0,0,1,273775.8,220512.82
321,2024-01-01,RJ,Consultoria,1994-05-01,29.67008898015058,1819599.94,1,0,0,107996.92,85567.32
322,2024-03-01,PR,Saúde,1984-11-27,39.2580424366872,10314024.3,0,0,0,956226.03,716386.13
323,2024-02-01,RJ,Educação,2017-10-01,6.335386721423682,1538237.39,1,0,0,96717.36,66183.74
324,2024-03-01,SP,Construção Civil,2023-11-27,0.2600958247775496,5083536.05,1,0,0,735904.71,489838.15
325,2024-03-01,CE,Indústria Manufatureira,1991-01-25,33.097878165639976,13404997.78,1,0,0,1307216.33,824163.69
326,2024-02-01,SP,Consultoria,2013-08-17,10.458590006844627,1697705.92,1,0,0,138746.57,100929.71
327,2024-01-01,ES,Consultoria,2008-05-06,15.655030800821356,1970524.54,1,0,0,249528.32,186226.79
328,2024-02-01,MG,Comércio Atacadista,2023-07-21,0.5338809034907598,922559.79,1,0,0,92066.72,63510.83
329,2024-01-01,SP,Saúde,2015-02-16,8.873374401095141,4442536.21,1,0,0,359860.55,258682.07
330,2024-03-01,RS,Saúde,1995-06-11,28.722792607802873,8089781.73,0,0,0,1061353.27,733266.28
331,2024-01-01,PE,Tecnologia,2009-03-11,14.809034907597535,3515412.99,0,0,0,480610.44,365384.82
332,2024-01-01,BA,Tecnologia,1998-08-10,25.39356605065024,6490736.75,1,0,1,761368.72,628368.88
333,2024-01-01,GO,Agronegócio,2009-07-27,14.431211498973306,6093902.67,1,0,0,333314.8,213648.14
334,2024-03-01,SC,Educação,2013-01-15,11.123887748117728,3292392.56,1,0,0,351075.35,244121.02
335,2024-03-01,BA,Educação,1983-05-11,40.80766598220397,4505134.15,1,0,0,569131.31,361521.97
336,2024-01-01,PE,Educação,1985-07-28,38.42847364818618,2304468.87,0,0,0,146680.14,110924.79
337,2024-01-01,SP,Agronegócio,2002-01-22,21.94113620807666,6172823.75,0,0,1,449795.61,351838.06
338,2024-02-01,RS,Alimentação,2018-08-14,5.467488021902806,2038776.33,1,0,0,281859.83,234783.09
339,2024-01-01,SP,Comércio Varejista,1982-09-12,41.30321697467488,1565573.13,1,0,0,81428.86,54534.37
340,2024-02-01,ES,Saúde,2007-08-21,16.449007529089666,4157346.91,1,0,1,520802.13,436199.28
341,2024-01-01,ES,Comércio Atacadista,1999-01-07,24.982888432580424,7450493.15,0,1,0,725509.12,446779.89
342,2024-02-01,SP,Construção Civil,1991-03-10,32.89801505817933,4316580.79,0,0,0,408681.85,306819.32
343,2024-03-01,BA,Saúde,1999-12-16,24.20807665982204,5142486.51,1,0,0,260773.71,160188.9
344,2024-01-01,CE,Tecnologia,1985-11-20,38.11362080766598,7313174.39,1,0,1,964898.94,794539.8
345,2024-01-01,SP,Consultoria,2015-12-06,8.071184120465434,1582836.25,0,0,0,136096.2,99683.97
346,2024-01-01,PR,Serviços Financeiros,1993-01-18,30.951403148528406,7879466.26,0,0,0,820067.77,629268.41
347,2024-01-01,CE,Indústria Manufatureira,1997-04-27,26.680355920602327,11914258.42,1,0,0,1402666.46,1133205.09
348,2024-02-01,SP,Agronegócio,2020-08-04,3.4934976043805612,4569072.68,1,1,0,549490.19,350342.67
349,2024-01-01,BA,Transporte e Logística,2008-03-16,15.794661190965092,4538711.29,1,0,0,660827.31,402871.98
350,2024-03-01,RJ,Serviços Financeiros,2021-05-17,2.7898699520876113,6264668.37,0,0,0,646100.28,529621.51
351,2024-03-01,CE,Construção Civil,2011-07-27,12.596851471594798,5690543.69,1,0,0,511989.34,347504.22
352,2024-01-01,ES,Educação,2001-08-08,22.39835728952772,1964366.79,1,0,0,285560.71,180544.25
353,2024-03-01,ES,Tecnologia,2000-03-13,23.967145790554415,5177184.43,0,0,0,591291.53,424024.21
354,2024-01-01,RS,Tecnologia,1988-10-17,35.20602327173169,7853372.81,1,0,0,626817.23,469847.48
355,2024-01-01,PE,Tecnologia,2012-03-28,11.761806981519507,4996878.6,0,0,0,313036.58,190245.68
356,2024-03-01,PE,Educação,1983-07-11,40.64065708418891,4555861.72,1,0,0,611649.27,409024.49
357,2024-01-01,RJ,Transporte e Logística,2021-09-09,2.3107460643394937,3247921.66,1,0,1,280029.83,170314.13
358,2024-03-01,GO,Agronegócio,2016-05-24,7.770020533880904,4012485.62,0,0,0,465636.81,328312.99
359,2024-02-01,SP,Serviços Financeiros,1993-10-19,30.286105407255306,12600053.96,1,0,0,1223233.93,1007669.54
360,2024-01-01,PR,Educação,2023-08-28,0.34496919917864477,2145305.9,0,0,0,149941.82,126800.26
361,2024-02-01,SP,Construção Civil,1986-09-16,37.37713894592745,9745330.54,1,0,0,1073630.02,815166.35
362,2024-03-01,SP,Agronegócio,1995-09-25,28.432580424366872,5314288.8,1,0,0,297963.18,190818.43
363,2024-02-01,SP,Construção Civil,2003-08-11,20.476386036960985,5760222.74,0,0,0,526105.6,434806.47
364,2024-02-01,BA,Agronegócio,2018-12-08,5.149897330595483,5498264.19,1,1,0,575456.54,419543.47
365,2024-03-01,RJ,Transporte e Logística,2005-04-28,18.84188911704312,6883470.49,0,0,0,644325.17,411361.24
366,2024-02-01,BA,Indústria Manufatureira,2014-01-11,10.056125941136209,9147029.19,1,1,1,1142164.08,948489.22
367,2024-02-01,SP,Construção Civil,2012-12-26,11.099247091033538,6653041.93,0,0,1,883474.04,697385.49
368,2024-03-01,RJ,Educação,1996-11-26,27.260780287474333,2718223.62,1,1,0,345552.29,270541.99
369,2024-02-01,RS,Agronegócio,2016-03-16,7.879534565366187,4869621.93,1,1,0,262381.53,203947.9
370,2024-03-01,GO,Tecnologia,2022-03-17,1.9575633127994525,4837283.72,0,0,0,335769.78,218278.88
371,2024-02-01,RJ,Alimentação,2022-06-28,1.596167008898015,1920244.54,0,0,1,199053.99,129932.83
372,2024-03-01,SC,Saúde,1984-08-04,39.572895277207394,6564297.2,1,0,0,941859.83,727184.78
373,2024-03-01,PE,Tecnologia,2003-08-01,20.583162217659137,7235496.32,1,0,1,965907.48,632602.45
374,2024-02-01,PR,Comércio Varejista,2011-07-28,12.514715947980836,503312.71,0,0,1,67571.47,47953.3
375,2024-02-01,SP,Indústria Manufatureira,2008-03-03,15.915126625598905,6394407.51,0,1,1,513604.05,408572.26
376,2024-02-01,SP,Indústria Manufatureira,2000-05-11,23.72621492128679,6638386.32,1,0,0,617003.42,491127.4
377,2024-01-01,PE,Tecnologia,2007-07-21,16.449007529089666,6237545.33,1,0,0,605482.24,431899.83
378,2024-01-01,SP,Serviços Financeiros,1983-06-28,40.511978097193705,15177888.12,1,0,0,997751.23,796252.86
379,2024-01-01,PE,Transporte e Logística,2009-09-13,14.299794661190965,4089616.79,0,0,0,217186.51,175846.24
380,2024-03-01,RS,Construção Civil,2021-11-23,2.269678302532512,3287543.88,1,0,1,475675.68,363270.63
381,2024-02-01,CE,Educação,2019-08-28,4.42984257357974,2185659.22,1,0,0,161894.53,106381.94
382,2024-03-01,GO,Indústria Manufatureira,2003-10-03,20.410677618069816,7765148.4,0,0,0,574581.3,384109.29
383,2024-01-01,ES,Tecnologia,1990-11-10,33.14168377823409,5708615.91,1,0,0,333028.7,226030.0
384,2024-02-01,RJ,Tecnologia,2023-12-03,0.16427104722792607,3332240.88,0,1,1,476013.19,299507.99
385,2024-03-01,DF,Transporte e Logística,1999-02-25,25.013004791238878,4347144.07,1,0,0,469377.28,313680.1
386,2024-02-01,MG,Transporte e Logística,2007-02-15,16.960985626283367,2449104.58,1,1,0,285819.53,186462.89
387,2024-03-01,RS,Comércio Atacadista,1987-05-01,36.83504449007529,2983828.29,1,0,0,421190.31,300659.2
388,2024-02-01,SC,Comércio Atacadista,1982-01-10,42.05886379192334,2595109.3,0,0,0,219447.68,181507.23
389,2024-01-01,PE,Serviços Financeiros,1995-07-05,28.49281314168378,13023394.47,1,0,1,1460583.21,914500.48
390,2024-01-01,ES,Alimentação,1990-07-19,33.45379876796714,3919206.12,0,0,0,211166.61,164724.1
391,2024-02-01,DF,Alimentação,2009-03-06,14.907597535934292,2697020.4,0,0,0,185223.95,142959.69
392,2024-03-01,MG,Serviços Financeiros,1987-10-28,36.342231348391515,14703993.7,0,0,0,1957462.99,1221336.62
393,2024-01-01,MG,Comércio Varejista,1996-11-08,27.145790554414784,1600113.58,1,0,0,202697.33,168369.13
394,2024-01-01,BA,Serviços Financeiros,2001-10-05,22.239561943874058,8683609.57,1,0,0,738664.9,548176.56
395,2024-01-01,SP,Agronegócio,1990-11-09,33.14442162902122,9817003.38,1,1,0,860765.29,594729.75
396,2024-02-01,SP,Transporte e Logística,2000-11-01,23.249828884325805,2844299.85,1,0,0,293973.87,231984.97
397,2024-02-01,RJ,Alimentação,2019-08-10,4.479123887748118,2595300.44,1,0,1,129827.57,86249.83
398,2024-03-01,RJ,Educação,2009-03-03,14.99520876112252,1973364.3,0,1,0,146274.51,113125.41
399,2024-03-01,RJ,Agronegócio,1999-06-19,24.700889801505816,6156239.68,1,0,0,436004.48,265931.25
400,2024-03-01,SP,Construção Civil,1993-07-23,30.60643394934976,8206871.46,1,1,0,615911.71,498797.33
401,2024-02-01,SP,Tecnologia,1991-05-07,32.73921971252567,4065890.26,1,0,0,530966.98,378071.17
402,2024-02-01,SP,Serviços Financeiros,2023-08-04,0.49555099247091033,5173961.83,0,0,0,403400.28,306250.69
403,2024-03-01,ES,Tecnologia,1990-10-12,33.385352498288846,7981283.7,1,0,0,551922.79,361680.22
404,2024-03-01,MG,Indústria Manufatureira,2005-12-10,18.223134839151268,8111506.4,0,1,0,814608.95,626652.95
405,2024-02-01,MG,Comércio Varejista,1980-11-13,43.21697467488022,672407.14,1,0,0,91826.95,72824.28
406,2024-03-01,SC,Indústria Manufatureira,1992-10-28,31.340177960301162,17943928.54,0,1,1,1330272.61,955539.2
407,2024-01-01,SP,Comércio Varejista,2010-12-02,13.08145106091718,963306.41,0,0,0,55730.77,42045.06
408,2024-02-01,ES,Comércio Atacadista,2020-12-16,3.1266255989048597,4140282.57,1,0,0,354575.76,253195.98
409,2024-03-01,DF,Tecnologia,2016-05-25,7.767282683093772,3159086.09,1,0,1,394143.95,324586.55
410,2024-02-01,SP,Comércio Varejista,2015-10-26,8.268309377138946,909790.57,1,0,0,95590.83,69252.43
411,2024-01-01,MG,Consultoria,1995-11-07,28.150581793292265,3564439.75,1,0,0,469363.06,380396.32
412,2024-02-01,PE,Alimentação,2007-11-25,16.186173853524984,2477380.01,0,0,0,361596.44,289399.38
413,2024-02-01,ES,Consultoria,2011-11-22,12.19438740588638,2749365.79,0,0,1,355400.2,249713.49
414,2024-02-01,MG,Consultoria,2016-11-04,7.241615331964408,1435704.5,0,0,1,158473.5,104199.68
415,2024-02-01,PR,Saúde,2019-11-02,4.249144421629021,3027325.28,0,0,0,300716.81,210959.02
416,2024-01-01,SP,Alimentação,1993-08-02,30.414784394250514,50000.0,1,0,0,2700.35,2177.98
417,2024-02-01,ES,Agronegócio,2005-12-05,18.157426420260094,7496941.16,1,1,1,1112787.45,730999.13
418,2024-02-01,SP,Comércio Varejista,1983-05-11,40.72826830937714,752933.78,0,0,0,66520.28,48633.58
419,2024-03-01,ES,Comércio Varejista,2012-03-07,11.983572895277208,667484.09,1,1,1,43535.2,34894.51
420,2024-02-01,SC,Agronegócio,1985-09-12,38.38740588637919,6056173.45,0,0,0,706579.12,486387.42
421,2024-03-01,PR,Tecnologia,2003-05-27,20.763860369609855,5442773.55,1,0,0,426870.36,324657.28
422,2024-01-01,RS,Tecnologia,1987-08-26,36.35044490075291,8498730.52,1,0,0,922773.69,610329.8
423,2024-01-01,SP,Consultoria,1992-06-26,31.515400410677618,3010027.41,0,0,0,327120.12,205208.95
424,2024-01-01,SP,Agronegócio,1985-02-05,38.902121834360024,10612808.39,1,1,0,1003684.94,801538.83
425,2024-01-01,SP,Alimentação,2013-04-28,10.677618069815194,3174417.59,0,0,0,424139.84,264978.04
426,2024-03-01,SP,Consultoria,2009-11-13,14.297056810403832,1830148.34,0,0,0,140000.32,93498.56
427,2024-02-01,DF,Indústria Manufatureira,2022-09-12,1.3880903490759753,4121414.67,0,0,0,390970.83,318163.21
428,2024-01-01,RJ,Saúde,1983-07-01,40.50376454483231,9011228.07,0,0,1,935088.04,642047.65
429,2024-02-01,SP,Educação,1991-02-15,32.96098562628337,5900013.84,0,0,0,686540.2,578932.8
430,2024-03-01,ES,Construção Civil,1996-12-22,27.189596167008897,11534810.27,0,0,0,1481037.17,1251378.04
431,2024-03-01,PE,Saúde,1991-07-27,32.596851471594796,5000424.51,1,0,1,447441.63,298474.44
432,2024-03-01,CE,Tecnologia,2008-06-04,15.739904175222451,6040739.95,1,1,0,692297.16,422470.57
433,2024-01-01,ES,Educação,2009-08-01,14.417522245037645,3199305.09,0,0,0,208150.29,161579.96
434,2024-02-01,SP,Comércio Atacadista,2007-09-11,16.39151266255989,4788244.88,1,0,0,685986.99,488934.91
435,2024-02-01,MG,Serviços Financeiros,2020-04-21,3.780971937029432,4923483.85,1,0,0,434772.58,271814.69
436,2024-02-01,DF,Consultoria,1982-08-23,41.44284736481862,1500050.74,1,0,1,184434.45,143283.57
437,2024-03-01,BA,Comércio Varejista,1993-07-04,30.65845311430527,1508838.8,0,0,0,78511.08,47718.54
438,2024-01-01,SP,Agronegócio,1986-01-10,37.973990417522245,2034282.99,0,0,0,143455.02,117281.53
439,2024-03-01,GO,Agronegócio,2023-02-04,1.0704996577686516,2878136.41,1,0,0,284095.82,180305.14
440,2024-03-01,SP,Comércio Varejista,1990-09-05,33.48665297741273,866301.68,0,1,0,119398.24,75439.15
441,2024-02-01,SP,Consultoria,1997-06-22,26.611909650924023,1932584.59,0,0,0,198525.75,127834.32
442,2024-03-01,RS,Serviços Financeiros,2021-12-18,2.2012320328542097,4303101.4,0,1,0,615287.77,516882.7
443,2024-02-01,PR,Construção Civil,1998-12-24,25.10609171800137,12315876.18,1,1,0,1211632.08,936945.8
444,2024-01-01,PR,Serviços Financeiros,1986-07-21,37.44832306639288,15577082.82,0,0,0,1542830.76,1234793.62
445,2024-02-01,SP,Educação,1984-08-20,39.449691991786445,4160163.58,1,0,0,257824.8,180324.92
446,2024-01-01,PE,Serviços Financeiros,1997-05-02,26.666666666666668,15634348.82,0,0,0,2036618.21,1393206.08
447,2024-02-01,RJ,Educação,2010-04-15,13.79876796714579,2072472.07,1,0,0,154806.5,101958.81
448,2024-03-01,SP,Serviços Financeiros,1999-04-28,24.843258042436688,7180694.68,0,0,0,1005019.0,723776.5
449,2024-03-01,PE,Construção Civil,1995-11-12,28.301163586584533,12162996.13,0,0,0,1715984.95,1266323.42
450,2024-01-01,ES,Construção Civil,2003-11-12,20.136892539356605,9423283.19,1,0,0,1360071.99,1030858.01
451,2024-01-01,PE,Tecnologia,1982-05-07,41.65366187542779,6464407.35,1,0,0,659518.55,438104.73
452,2024-01-01,GO,Comércio Varejista,2022-08-03,1.4127310061601643,352968.39,0,0,0,41547.69,34782.21
453,2024-02-01,SC,Construção Civil,2009-11-21,14.195756331279945,9834149.4,1,0,0,1257311.62,807746.8
454,2024-02-01,PR,Educação,2006-01-02,18.080766598220396,1658692.75,0,0,0,104665.94,88067.31
455,2024-01-01,SP,Construção Civil,2014-04-05,9.741273100616016,4880377.67,1,1,0,537308.69,324380.8
456,2024-03-01,MG,Tecnologia,2014-04-03,9.911019849418206,4794316.04,1,0,0,256159.3,184506.79
457,2024-02-01,MG,Agronegócio,2016-09-07,7.40041067761807,7387524.8,0,0,0,736954.42,503591.88
458,2024-02-01,RJ,Educação,2005-04-11,18.809034907597535,3894242.38,0,0,1,255011.61,181639.89
459,2024-02-01,BA,Tecnologia,2014-10-01,9.336071184120465,5034471.99,0,1,0,343815.63,255340.23
460,2024-01-01,RS,Indústria Manufatureira,1992-03-05,31.824777549623544,9328330.01,1,0,0,806944.92,572041.07
461,2024-01-01,SP,Indústria Manufatureira,2003-03-04,20.829568788501028,10753382.14,0,0,0,1002685.32,705601.4
462,2024-01-01,SP,Comércio Atacadista,2009-01-05,14.986995208761122,3609233.22,0,0,0,405379.12,317485.17
463,2024-01-01,BA,Serviços Financeiros,1980-04-19,43.7015742642026,6543257.97,0,1,0,375863.33,289966.94
464,2024-01-01,SP,Comércio Varejista,1994-03-09,29.815195071868583,1541631.41,0,0,0,154732.27,125072.85
465,2024-03-01,PE,Transporte e Logística,1982-12-14,41.21286789869952,8069487.61,0,0,1,550843.5,364928.17
466,2024-03-01,RS,Saúde,2003-12-03,20.243668720054757,6991988.61,1,0,0,750922.22,564980.46
467,2024-01-01,RS,Tecnologia,2000-06-17,23.540041067761805,6596305.63,1,0,0,750266.84,559923.17
468,2024-02-01,PR,Agronegócio,2006-08-17,17.45927446954141,4674944.19,0,0,0,494005.68,342066.55
469,2024-01-01,GO,Saúde,1989-10-02,34.247775496235455,2150714.16,1,0,0,266321.97,192155.13
470,2024-03-01,RJ,Agronegócio,2011-11-17,12.28747433264887,5916528.38,0,1,0,494390.58,335417.08
471,2024-03-01,SC,Alimentação,1993-11-01,30.32991101984942,4967184.82,1,1,0,628401.83,399324.91
472,2024-02-01,PR,Alimentação,1982-08-28,41.42915811088296,4869974.03,0,0,0,454255.15,296833.16
473,2024-03-01,RJ,Alimentação,1997-11-04,26.321697467488022,4324669.6,0,0,0,425627.28,266603.74
474,2024-01-01,PE,Saúde,2001-08-03,22.412046543463383,5805494.06,1,1,0,666530.01,513739.6
475,2024-02-01,GO,Tecnologia,2019-06-20,4.618754277891855,4897553.74,1,0,0,253868.8,194255.8
476,2024-01-01,SC,Transporte e Logística,1986-03-09,37.81519507186858,7982803.42,1,0,0,921210.9,771653.78
477,2024-01-01,PE,Saúde,2007-10-18,16.205338809034906,4426080.6,0,1,0,495094.8,387371.88
478,2024-02-01,PE,Tecnologia,2011-07-20,12.536618754277892,5871132.34,0,0,0,475471.96,291469.76
479,2024-01-01,BA,Construção Civil,2003-08-17,20.3750855578371,6776653.33,1,1,1,396972.48,325938.74
480,2024-03-01,GO,Transporte e Logística,2006-02-26,18.00958247775496,5520926.39,0,1,0,326251.11,266112.85
481,2024-01-01,BA,Alimentação,2010-11-21,13.111567419575634,1515512.32,1,1,0,215691.31,153319.87
482,2024-02-01,BA,Educação,2018-09-24,5.3552361396303905,1445255.59,0,0,0,171881.26,128303.47
483,2024-02-01,PR,Agronegócio,2018-07-15,5.549623545516769,5890615.68,0,1,0,369402.05,311782.56
484,2024-02-01,DF,Alimentação,2019-07-11,4.561259411362081,2360216.75,1,1,0,202205.24,148231.82
485,2024-01-01,SP,Indústria Manufatureira,2016-07-14,7.4661190965092405,7354569.17,1,0,0,803474.18,663935.18
486,2024-02-01,PE,Serviços Financeiros,2012-06-14,11.633127994524298,8116986.67,1,0,1,1084081.77,672954.26
487,2024-02-01,PE,Indústria Manufatureira,1993-05-12,30.72416153319644,3179448.8,1,0,0,172854.21,111968.55
488,2024-01-01,SP,Alimentação,2021-11-16,2.1245722108145104,1622069.46,1,0,0,119487.01,84858.33
489,2024-03-01,GO,Transporte e Logística,1982-02-03,42.072553045859,7101593.44,1,1,0,986943.23,736446.38
490,2024-01-01,SP,Educação,1999-12-24,24.021902806297057,3326391.93,0,0,0,169368.42,136181.86
491,2024-02-01,RJ,Agronegócio,1996-03-18,27.874058863791923,6587185.88,1,0,0,462024.63,391365.13
492,2024-02-01,DF,Educação,1982-09-18,41.37166324435318,6449967.52,0,0,0,941065.86,656123.23
493,2024-01-01,SP,Saúde,1994-02-14,29.87816563997262,6856644.81,1,0,0,763420.1,467101.57
494,2024-03-01,GO,Agronegócio,1995-11-25,28.265571526351813,9598899.83,1,0,1,731120.72,585110.7
495,2024-02-01,GO,Alimentação,1998-12-02,25.166324435318277,4174179.47,0,1,0,236672.26,177763.39
496,2024-02-01,RS,Saúde,2022-10-10,1.3114305270362765,2087233.89,0,0,0,110245.89,71619.67
497,2024-02-01,SP,Tecnologia,1995-10-17,28.292950034223136,7663817.54,1,1,1,570759.04,413062.38
498,2024-01-01,RJ,Transporte e Logística,1989-11-16,34.12457221081451,8724333.43,0,0,0,1205254.29,946820.73
499,2024-02-01,PR,Consultoria,1989-02-12,34.9678302532512,4637300.86,0,0,0,424736.72,336647.57
500,2024-03-01,ES,Tecnologia,2017-06-04,6.740588637919234,4059144.82,0,0,0,495350.99,359082.21
501,2024-02-01,SC,Comércio Atacadista,2013-10-08,10.316221765913758,2815215.7,0,0,0,399277.83,270033.05
502,2024-02-01,RJ,Educação,2015-09-25,8.353182751540041,2757734.04,1,0,0,250413.41,211207.6
503,2024-03-01,SC,Consultoria,2016-10-22,7.356605065023956,1761367.79,1,0,0,121759.37,93248.27
504,2024-02-01,RS,Saúde,2008-01-20,16.032854209445585,7143291.34,0,0,0,726556.97,510086.14
505,2024-01-01,DF,Construção Civil,2020-12-09,3.060917180013689,3233521.06,1,0,0,455306.83,305108.3
506,2024-01-01,SP,Tecnologia,1981-05-23,42.60917180013689,6870285.56,0,0,0,896142.47,701478.59
507,2024-01-01,DF,Comércio Atacadista,2013-06-12,10.55441478439425,2031433.49,1,0,0,114944.57,75926.16
508,2024-03-01,RS,Comércio Varejista,1980-03-19,43.950718685831625,870464.42,1,0,0,103809.22,66741.8
509,2024-02-01,ES,Consultoria,2008-02-05,15.989048596851472,2403288.65,0,0,0,257607.91,188687.1
510,2024-01-01,RJ,Indústria Manufatureira,2012-01-03,11.994524298425736,8947761.57,1,0,1,1259364.49,846918.65
511,2024-03-01,SC,Agronegócio,2012-04-13,11.88227241615332,4492433.32,0,0,1,279645.63,211755.02
512,2024-02-01,CE,Comércio Atacadista,1998-06-06,25.65639972621492,5623172.02,0,1,1,581456.29,366017.82
513,2024-03-01,SP,Transporte e Logística,1996-12-11,27.21971252566735,7870779.99,0,0,0,1085744.74,829221.56
514,2024-01-01,CE,Consultoria,2014-10-20,9.19917864476386,2768803.59,0,0,0,251967.71,169026.02
515,2024-01-01,BA,Tecnologia,1983-01-05,40.988364134154686,7656930.41,0,0,0,751906.67,451189.67
516,2024-01-01,SP,Transporte e Logística,1986-10-02,37.24845995893224,5050441.51,0,0,0,288107.83,182007.52
517,2024-03-01,RJ,Indústria Manufatureira,2009-05-15,14.795345653661876,5474461.15,0,0,0,425991.71,355023.13
518,2024-03-01,BA,Construção Civil,2009-08-20,14.529774127310061,4623274.61,1,0,0,381192.07,311372.42
519,2024-01-01,SP,Educação,1999-05-07,24.654346338124572,5525710.96,1,0,0,798532.9,525755.86
520,2024-03-01,PR,Educação,2013-02-12,11.047227926078028,1524183.73,1,0,0,119292.89,94789.29
521,2024-01-01,RJ,Alimentação,1998-05-22,25.61259411362081,4670699.58,1,0,0,448792.92,337556.41
522,2024-01-01,SC,Transporte e Logística,2009-08-17,14.373716632443532,3177281.61,0,1,0,372156.4,313625.94
523,2024-02-01,SP,Saúde,2009-01-08,15.063655030800822,3899826.69,0,1,1,258240.04,179064.01
524,2024-03-01,PE,Construção Civil,1997-10-02,26.412046543463383,8860369.38,0,0,1,874024.39,673317.93
525,2024-01-01,ES,Educação,1980-05-07,43.65229295003422,3550066.36,1,0,1,439689.58,270797.75
526,2024-01-01,ES,Construção Civil,2013-05-10,10.64476386036961,7842570.74,0,0,0,1071965.87,749370.43
527,2024-03-01,DF,Comércio Atacadista,1994-01-16,30.12183436002738,7720015.93,1,1,0,869473.95,731187.96
528,2024-02-01,SP,Construção Civil,2012-03-05,11.90965092402464,5123224.35,0,0,0,598932.34,440062.68
529,2024-02-01,DF,Serviços Financeiros,1996-12-08,27.148528405201915,10258678.75,1,0,0,642484.1,431729.96
530,2024-01-01,SP,Indústria Manufatureira,2002-11-26,21.097878165639973,8793953.23,1,0,0,1271409.09,801073.85
531,2024-03-01,SP,Educação,1995-07-28,28.594113620807665,5083358.92,1,1,0,321560.11,249492.73
532,2024-02-01,RJ,Construção Civil,2012-07-01,11.586584531143053,6026434.26,1,0,1,768173.27,584744.25
533,2024-03-01,RS,Transporte e Logística,2000-02-28,24.005475701574266,7789944.05,0,0,0,595787.64,413169.6
534,2024-03-01,DF,Comércio Varejista,1993-07-19,30.61738535249829,1679983.97,0,0,0,240841.35,201761.31
535,2024-01-01,BA,Serviços Financeiros,1997-11-14,26.130047912388775,7431104.34,0,0,0,906564.66,548970.87
536,2024-02-01,MG,Serviços Financeiros,1992-07-01,31.586584531143053,14453630.62,1,0,0,1812216.03,1224932.92
537,2024-01-01,RJ,Saúde,2022-03-26,1.7686516084873374,4437632.1,1,0,0,319092.01,264931.68
538,2024-02-01,ES,Construção Civil,2021-08-27,2.431211498973306,3820330.14,0,0,0,360272.4,245069.49
539,2024-02-01,MG,Alimentação,2010-06-03,13.664613278576317,2301953.95,0,1,0,257315.45,170616.41
540,2024-02-01,MG,Saúde,1999-02-08,24.980150581793293,5299671.37,1,0,0,673044.28,493715.07
541,2024-02-01,SP,Saúde,1999-07-17,24.54483230663929,5287597.4,1,0,0,319349.4,257379.79
542,2024-02-01,GO,Comércio Varejista,1983-05-24,40.69267624914442,624330.67,0,0,1,91299.95,57134.29
543,2024-03-01,BA,Comércio Atacadista,1994-06-25,29.683778234086244,2988506.66,1,0,1,415468.37,347229.84
544,2024-01-01,SP,Construção Civil,1987-09-21,36.27926078028747,10232421.16,1,0,0,788253.12,629631.54
545,2024-03-01,SP,Tecnologia,1985-09-07,38.48049281314169,10905595.44,1,0,1,1442548.81,930894.87
546,2024-02-01,BA,Educação,2019-06-12,4.640657084188912,1809591.57,0,1,0,184275.04,143366.35
547,2024-01-01,SC,Saúde,2012-11-27,11.093771389459274,3513726.55,0,0,0,337952.5,235295.94
548,2024-02-01,RJ,Indústria Manufatureira,1986-02-05,37.987679671457904,16992633.61,0,0,1,1383938.04,969550.55
549,2024-01-01,ES,Agronegócio,1991-03-20,32.785763175906915,5840824.16,0,1,0,631374.74,502462.24
550,2024-03-01,SP,Indústria Manufatureira,1986-11-03,37.32511978097194,5643304.33,0,0,0,694063.86,583496.85
551,2024-01-01,MG,Comércio Varejista,1987-11-16,36.12594113620808,939306.71,1,1,0,85564.54,54048.04
552,2024-01-01,ES,Comércio Varejista,2000-10-25,23.184120465434635,864939.78,0,0,0,97670.66,68873.2
553,2024-01-01,MG,Transporte e Logística,2005-11-19,18.116358658453116,2266799.26,1,0,0,271860.16,195803.31
554,2024-01-01,SC,Comércio Atacadista,2008-10-11,15.222450376454484,3386946.76,0,1,0,410200.51,284711.13
555,2024-01-01,MG,Alimentação,2018-11-11,5.138945927446954,2421887.13,1,0,0,133679.96,92345.75
556,2024-02-01,RJ,Educação,1986-02-16,37.95756331279945,2763961.06,1,0,0,375829.0,230408.42
557,2024-01-01,ES,Consultoria,1999-05-26,24.602327173169062,2746451.09,1,1,0,263179.59,203012.69
558,2024-01-01,MG,Saúde,1992-01-12,31.969883641341546,7831464.92,1,0,1,597083.48,423364.19
559,2024-03-01,CE,Indústria Manufatureira,2002-05-15,21.796030116358658,9168860.39,1,0,1,680113.52,441188.59
560,2024-01-01,SP,Agronegócio,1999-01-12,24.969199178644764,8308008.33,1,0,1,816688.94,656624.75
561,2024-03-01,SP,Comércio Varejista,2016-02-21,8.02464065708419,742091.21,0,0,0,102915.55,82398.32
562,2024-02-01,SP,Comércio Varejista,2018-02-20,5.946611909650924,490508.77,0,1,1,43083.72,31089.12
563,2024-01-01,SC,Comércio Atacadista,2006-07-15,17.464750171115675,5430795.67,0,1,0,678700.52,457859.96
564,2024-03-01,RJ,Agronegócio,2005-12-02,18.245037645448324,9198208.21,0,0,0,548966.3,416952.63
565,2024-03-01,PE,Agronegócio,1999-10-21,24.361396303901437,10534516.23,0,0,0,1028228.52,691008.67
566,2024-02-01,RS,Comércio Atacadista,1988-10-16,35.29363449691992,6520513.61,0,0,0,972655.98,640982.22
567,2024-01-01,ES,Comércio Varejista,2002-01-15,21.960301163586585,553357.93,0,1,0,70300.68,55019.33
568,2024-01-01,SP,Educação,1984-06-23,39.52361396303901,5750184.21,1,0,0,408566.97,249259.07
569,2024-03-01,PE,Construção Civil,1983-11-06,40.31759069130732,11966804.28,1,0,0,1198405.41,747436.01
570,2024-01-01,DF,Construção Civil,1981-12-15,42.04517453798768,5390429.16,1,0,0,395455.23,237944.24
571,2024-03-01,DF,Comércio Atacadista,2023-09-17,0.4544832306639288,1913571.92,0,0,0,174051.02,111085.59
572,2024-01-01,PE,Agronegócio,2006-06-12,17.555099247091032,7117880.15,0,1,1,911148.47,562404.12
573,2024-03-01,DF,Saúde,2020-07-14,3.6303901437371664,4960050.04,1,0,0,630533.87,535292.1
574,2024-01-01,SC,Comércio Atacadista,2014-11-20,9.114305270362765,3544425.48,1,0,1,258069.75,173475.13
575,2024-02-01,SP,Educação,1982-11-21,41.19644079397673,3332836.27,0,0,0,474003.75,302090.65
576,2024-01-01,SP,Comércio Atacadista,1994-06-04,29.57700205338809,7479268.52,1,0,0,817161.08,539529.84
577,2024-01-01,CE,Serviços Financeiros,2004-07-10,19.477070499657767,9998889.88,0,0,0,879826.61,733803.01
578,2024-02-01,PR,Indústria Manufatureira,1991-11-20,32.199863107460644,10386536.16,0,0,1,1040664.01,759726.42
579,2024-01-01,GO,Agronegócio,2018-06-03,5.579739904175223,4037155.57,0,1,1,446134.46,308370.15
580,2024-02-01,RS,Alimentação,2005-03-12,18.8911704312115,1496143.6,0,0,0,158574.84,129769.38
581,2024-01-01,SP,Transporte e Logística,1993-11-23,30.105407255304584,6044182.18,0,0,0,596201.17,416594.12
582,2024-03-01,SP,Transporte e Logística,2009-03-20,14.948665297741274,5020574.88,0,0,0,504534.04,344976.23
583,2024-03-01,BA,Agronegócio,2011-02-10,13.05407255304586,5115692.05,0,0,0,346031.5,225550.47
584,2024-01-01,MG,Alimentação,2004-11-26,19.096509240246405,3302098.24,0,0,0,433477.3,301027.97
585,2024-01-01,SP,Consultoria,1994-03-22,29.779603011635867,2212253.38,1,0,0,230463.78,156524.34
586,2024-01-01,RS,Educação,2010-12-22,13.026694045174539,2846734.12,1,0,0,179651.66,138210.69
587,2024-03-01,SP,Serviços Financeiros,2020-02-21,4.024640657084189,6576517.73,1,1,0,832690.46,559897.47
588,2024-01-01,PR,Serviços Financeiros,2009-09-12,14.302532511978097,9063571.76,1,0,0,1298305.88,966328.98
589,2024-03-01,RJ,Comércio Varejista,1980-05-06,43.81930184804928,647950.59,0,0,1,93778.34,57811.82
590,2024-02-01,GO,Indústria Manufatureira,2021-06-25,2.6036960985626285,4416018.52,0,0,0,383759.84,248608.18
591,2024-03-01,RJ,Construção Civil,2001-04-05,22.90485968514716,12899250.64,1,0,0,819769.14,575356.05
592,2024-03-01,MG,Tecnologia,1986-05-28,37.76043805612594,6391996.33,1,0,0,650960.67,543055.68
593,2024-02-01,SP,Educação,2014-09-25,9.352498288843258,2654252.6,0,0,0,162601.96,112896.66
594,2024-03-01,SP,Tecnologia,2003-12-17,20.205338809034906,5873838.83,1,0,1,842301.1,645218.25
595,2024-01-01,MG,Tecnologia,1981-06-25,42.51882272416153,11028539.46,1,0,0,753888.49,500409.92
596,2024-01-01,RS,Agronegócio,2007-10-13,16.21902806297057,8791963.57,0,0,0,661829.0,418116.03
597,2024-03-01,PR,Transporte e Logística,1986-03-27,37.93018480492813,7764120.62,0,0,0,703923.54,432655.44
598,2024-01-01,RJ,Transporte e Logística,2010-10-26,13.182751540041068,2936786.77,1,0,0,259366.57,175423.46
599,2024-03-01,BA,Construção Civil,2019-12-15,4.210814510609172,5363929.75,1,1,1,694448.08,444040.7
600,2024-01-01,PE,Agronegócio,1981-06-22,42.52703627652293,10240847.08,1,0,0,979349.43,630213.92
601,2024-01-01,DF,Tecnologia,2011-08-20,12.366872005475702,3837506.4,0,0,1,257407.75,203400.98
602,2024-03-01,SP,Alimentação,1992-12-26,31.17864476386037,2770668.26,0,0,0,212568.41,128382.71
603,2024-01-01,RS,Consultoria,1999-09-08,24.314852840520192,4018925.29,1,0,0,405555.13,299888.77
604,2024-03-01,SP,Saúde,1993-08-27,30.510609171800137,6368313.04,0,0,0,412318.92,286506.13
605,2024-01-01,SP,Transporte e Logística,1988-11-19,35.115674195756334,9278081.54,0,0,0,1031403.2,749456.24
606,2024-01-01,ES,Educação,2023-08-25,0.3531827515400411,2379725.3,1,0,0,253618.58,187857.2
607,2024-02-01,SP,Alimentação,1992-07-17,31.54277891854894,4208861.38,0,0,0,511251.37,346803.24
608,2024-02-01,RS,Educação,2003-03-27,20.851471594798085,4175769.97,0,0,0,600352.38,404503.75
609,2024-03-01,PR,Comércio Varejista,1988-10-05,35.403148528405204,724842.66,1,1,0,102366.24,80188.64
610,2024-02-01,BA,Comércio Atacadista,2018-01-21,6.028747433264887,2764337.4,1,0,0,399744.09,326918.41
611,2024-03-01,PR,Saúde,2001-06-18,22.702258726899384,8519735.06,0,0,0,634477.96,411233.98
612,2024-02-01,SP,Transporte e Logística,2021-12-28,2.0944558521560577,3326325.44,0,1,0,210079.17,131174.42
613,2024-01-01,RJ,Serviços Financeiros,2002-02-10,21.88911704312115,10957156.33,0,0,0,879067.12,724745.97
614,2024-03-01,RS,Transporte e Logística,1983-03-09,40.98015058179329,9459882.24,0,0,1,1319734.15,907282.73
615,2024-03-01,SP,Alimentação,1999-09-05,24.487337440109513,3151331.0,0,1,0,463892.78,342273.7
616,2024-01-01,RJ,Comércio Varejista,2016-02-08,7.8959616700889805,567775.78,1,0,1,77179.18,53244.82
617,2024-03-01,SP,Educação,2015-06-01,8.750171115674195,2706928.14,0,0,0,165127.41,104269.8
618,2024-03-01,SP,Tecnologia,1998-07-17,25.623545516769337,8417134.98,1,1,0,1218319.68,910490.4
619,2024-02-01,MG,Serviços Financeiros,1996-07-03,27.581108829568787,5765186.12,1,0,0,532333.09,389287.32
620,2024-03-01,SP,Agronegócio,1996-01-11,28.136892539356605,9143872.49,0,0,0,465706.84,303057.97
621,2024-01-01,PR,Indústria Manufatureira,2020-12-21,3.028062970568104,6440909.8,0,0,0,606987.31,432762.08
622,2024-02-01,BA,Tecnologia,1994-03-05,29.911019849418206,6881038.99,1,0,0,375752.33,300315.11
623,2024-02-01,GO,Indústria Manufatureira,1981-08-23,42.44216290212184,14986006.09,0,0,0,1564356.09,1169522.82
624,2024-01-01,SP,Saúde,2016-12-16,7.041752224503765,4514075.37,1,0,0,378529.61,236289.28
625,2024-01-01,SP,Consultoria,1999-01-03,24.993839835728952,4433913.27,1,1,0,431612.61,318100.81
626,2024-02-01,SP,Comércio Atacadista,1980-04-27,43.76454483230664,3874095.65,1,0,0,431252.85,334516.18
627,2024-03-01,SC,Consultoria,1986-12-20,37.19644079397673,3747638.87,0,0,0,512977.22,409446.03
628,2024-02-01,BA,Serviços Financeiros,2003-02-25,20.933607118412045,7110196.49,0,1,0,826134.85,625614.9
629,2024-01-01,SP,Construção Civil,1992-05-04,31.66050650239562,5153900.65,1,0,0,481399.51,307212.1
630,2024-02-01,CE,Serviços Financeiros,1982-07-21,41.53319644079398,4866759.34,0,0,0,642133.78,499286.83
631,2024-01-01,SP,Consultoria,2014-08-03,9.412731006160165,2049768.29,1,0,1,288111.77,221654.6
632,2024-02-01,RS,Transporte e Logística,1984-08-20,39.449691991786445,6595464.84,0,0,0,408760.51,247752.49
633,2024-03-01,BA,Alimentação,2003-11-17,20.28747433264887,2587316.04,0,0,0,266993.67,187679.71
634,2024-02-01,PE,Educação,2005-12-05,18.157426420260094,1607014.63,1,0,0,126072.22,86137.28
635,2024-02-01,BA,Transporte e Logística,1992-01-20,32.03285420944559,4955525.08,0,0,0,271097.55,208027.52
636,2024-01-01,GO,Transporte e Logística,1995-10-14,28.216290212183434,6034436.89,1,0,0,705152.13,461193.43
637,2024-01-01,RJ,Alimentação,1988-11-03,35.15947980835045,4642315.54,1,0,0,632641.2,473037.2
638,2024-01-01,GO,Alimentação,2003-06-03,20.580424366872005,3028433.7,0,0,0,200755.67,166286.22
639,2024-02-01,SP,Saúde,2021-09-17,2.3737166324435317,3369180.45,0,0,1,442175.84,353497.74
640,2024-03-01,CE,Tecnologia,2014-09-18,9.451060917180014,3919171.74,1,0,0,530419.03,440441.1
641,2024-01-01,RS,Construção Civil,1980-08-02,43.41409993155373,15247672.61,1,0,0,2156540.0,1821470.82
642,2024-01-01,GO,Construção Civil,2007-06-09,16.56399726214921,5078922.82,1,0,0,388682.39,234246.26
643,2024-02-01,MG,Transporte e Logística,2012-06-26,11.600273785078713,3121429.76,0,1,1,438234.09,331167.07
644,2024-01-01,SC,Indústria Manufatureira,1982-04-24,41.68925393566051,9588291.5,1,0,0,786875.37,553338.51
645,2024-03-01,RS,Saúde,2008-02-25,16.01368925393566,5862797.57,0,0,0,616964.48,502803.6
646,2024-03-01,BA,Transporte e Logística,2005-06-05,18.7378507871321,3333111.52,0,1,0,183490.28,121645.55
647,2024-01-01,SP,Comércio Atacadista,1981-09-11,42.30527036276523,5203577.89,1,0,0,283012.76,239218.62
648,2024-01-01,SP,Educação,2015-03-27,8.766598220396988,2717079.24,1,0,0,331585.07,249825.14
649,2024-02-01,SP,Alimentação,2014-08-23,9.442847364818617,1748226.35,1,0,0,165116.48,131826.41
650,2024-03-01,SP,Tecnologia,2001-03-26,22.93223819301848,7077339.79,1,0,1,535253.81,332606.66
651,2024-03-01,PE,Agronegócio,1985-12-25,38.182067077344286,6104488.52,0,0,0,421462.13,272207.41
652,2024-01-01,SP,Alimentação,2021-01-10,2.973305954825462,1145583.01,1,0,0,134027.88,105828.54
653,2024-02-01,ES,Comércio Atacadista,1988-04-02,35.832991101984945,5149408.63,1,1,0,257677.2,156022.68
654,2024-03-01,RJ,Indústria Manufatureira,1993-05-17,30.78986995208761,5648324.9,0,0,0,737609.76,593200.15
655,2024-03-01,SP,Serviços Financeiros,1997-09-16,26.455852156057496,4141065.24,1,0,0,239871.04,144759.12
656,2024-02-01,DF,Serviços Financeiros,1991-11-07,32.23545516769336,14498124.88,0,0,0,1002530.28,766213.55
657,2024-02-01,SC,Consultoria,1992-01-28,32.01095140314853,3944072.95,1,0,1,349538.1,241626.42
658,2024-03-01,RS,Comércio Atacadista,2008-05-04,15.824777549623546,3080784.22,0,0,0,303413.73,228432.22
659,2024-03-01,PR,Consultoria,2015-07-13,8.635181382614647,1373765.05,0,0,0,117456.24,90912.05
660,2024-02-01,BA,Transporte e Logística,2012-07-11,11.55920602327173,5134921.75,0,1,0,421429.27,288939.84
661,2024-03-01,SP,Agronegócio,2022-08-23,1.5222450376454484,2472028.78,0,1,0,361884.25,226898.03
662,2024-01-01,ES,Comércio Varejista,2001-09-09,22.310746064339494,625128.8,1,0,1,71363.43,44060.6
663,2024-01-01,ES,Alimentação,2015-12-14,8.049281314168377,2550291.69,0,0,0,133490.67,99748.77
664,2024-02-01,SC,Comércio Varejista,1983-10-27,40.26557152635181,1253389.32,0,0,0,116587.25,85127.8
665,2024-02-01,SP,Indústria Manufatureira,1987-05-11,36.72826830937714,14843959.0,1,0,0,2041057.28,1603353.06
666,2024-02-01,BA,Transporte e Logística,1984-06-22,39.611225188227245,2237001.48,1,1,0,179285.87,130418.61
667,2024-01-01,SP,Construção Civil,1993-08-20,30.365503080082135,5797978.03,1,0,0,344722.46,243240.12
668,2024-03-01,SP,Alimentação,2011-03-23,12.941820670773442,2481259.34,1,0,0,312237.9,218417.21
669,2024-01-01,RJ,Consultoria,1999-08-02,24.416153319644078,2998895.46,1,0,0,331681.99,201202.18
670,2024-03-01,MG,Construção Civil,2011-06-20,12.698151950718685,8201344.76,1,0,0,877800.19,600318.16
671,2024-01-01,PE,Tecnologia,2023-05-21,0.6160164271047228,3254584.53,0,0,0,180166.17,152061.16
672,2024-03-01,BA,Agronegócio,2023-01-03,1.158110882956879,3885568.49,1,1,0,248870.28,203672.67
673,2024-01-01,DF,Agronegócio,2009-07-12,14.472279260780287,5327912.04,1,0,0,598084.44,408099.64
674,2024-02-01,MG,Serviços Financeiros,2002-12-22,21.111567419575632,15183236.42,1,0,0,1074705.67,802750.17
675,2024-01-01,RJ,Saúde,1987-01-05,36.988364134154686,4683650.74,0,0,0,470271.36,381777.66
676,2024-03-01,MG,Alimentação,2017-11-26,6.261464750171116,2181748.75,0,0,0,227966.93,161929.15
677,2024-01-01,ES,Consultoria,1999-03-03,24.83230663928816,1892794.92,0,1,0,148301.84,89646.9
678,2024-01-01,SP,Indústria Manufatureira,1990-11-12,33.13620807665982,13054877.59,1,1,0,1890901.31,1169763.77
679,2024-01-01,PE,Comércio Varejista,1995-10-02,28.249144421629023,830964.53,0,0,0,111554.01,81166.49
680,2024-02-01,PR,Indústria Manufatureira,2006-11-15,17.21286789869952,10241262.56,1,0,1,1251864.8,1054520.64
681,2024-01-01,MG,Construção Civil,2021-06-15,2.546201232032854,4660892.69,1,1,0,269396.74,208325.14
682,2024-02-01,BA,Construção Civil,2013-10-05,10.324435318275153,9239198.93,0,1,0,560015.58,345937.89
683,2024-02-01,RS,Comércio Atacadista,2003-07-11,20.56125941136208,3714170.62,0,1,0,368735.93,238697.6
684,2024-01-01,PE,Tecnologia,2008-04-04,15.742642026009582,6044919.83,1,0,0,399395.92,316653.38
685,2024-01-01,CE,Alimentação,1981-03-16,42.795345653661876,2872886.68,1,1,0,424688.92,344150.88
686,2024-01-01,MG,Agronegócio,2002-09-04,21.32511978097194,6607292.28,1,0,0,435103.57,328252.42
687,2024-03-01,RJ,Educação,1991-05-23,32.77481177275838,4642761.8,1,0,1,458457.79,348934.88
688,2024-01-01,PR,Consultoria,1999-10-10,24.227241615331966,1437829.46,0,0,0,124245.87,75427.73
689,2024-02-01,CE,Indústria Manufatureira,2010-08-07,13.486652977412732,4330171.97,0,1,0,493373.91,398218.15
690,2024-01-01,SP,Consultoria,1985-02-15,38.874743326488705,3539873.37,1,0,0,222670.92,177484.05
691,2024-03-01,SC,Construção Civil,1987-12-15,36.21081451060917,9561739.54,0,1,0,889544.34,591332.41
692,2024-01-01,SC,Saúde,2023-11-28,0.09308692676249145,2312655.75,0,0,0,179162.6,139239.65
693,2024-03-01,BA,Serviços Financeiros,2023-11-12,0.30116358658453113,3953165.12,0,0,0,548601.09,358628.02
694,2024-03-01,SP,Comércio Varejista,2011-09-18,12.451745379876797,641289.78,0,0,0,34667.21,21149.86
695,2024-01-01,BA,Tecnologia,1992-05-28,31.59479808350445,7753239.11,1,0,0,1096096.73,712774.31
696,2024-02-01,CE,Saúde,1986-12-23,37.1088295687885,7934575.31,1,0,0,1057674.24,681837.33
697,2024-03-01,SP,Tecnologia,2008-06-17,15.704312114989733,1994270.59,0,0,0,159057.18,108864.62
698,2024-01-01,SP,Comércio Atacadista,1989-04-26,34.68309377138946,7119251.09,0,0,0,917878.39,646748.47
699,2024-01-01,ES,Educação,1986-08-01,37.41820670773443,6311296.03,0,0,0,335264.6,243782.53
700,2024-02-01,SP,Construção Civil,1995-10-12,28.306639288158795,2906161.92,1,0,0,426294.88,306586.36
701,2024-03-01,PE,Serviços Financeiros,2000-09-05,23.485284052019164,14412958.33,0,0,0,1479627.01,987900.57
702,2024-03-01,RS,Alimentação,2006-02-03,18.072553045859,3759376.18,1,0,0,301983.56,183392.4
703,2024-01-01,SP,Saúde,1993-12-24,30.02053388090349,7000935.54,0,0,0,603888.95,453686.91
704,2024-01-01,PE,Tecnologia,2001-07-25,22.43668720054757,3888363.82,0,0,0,220239.01,153933.02
705,2024-02-01,MG,Agronegócio,1998-10-03,25.3305954825462,10348951.14,1,0,0,1541320.54,1039879.7
706,2024-02-01,RS,Comércio Atacadista,1985-06-21,38.614647501711154,4638153.4,0,0,0,250131.88,204291.52
707,2024-03-01,RJ,Agronegócio,1983-08-22,40.525667351129364,10190806.97,1,0,0,1176943.56,925884.81
708,2024-03-01,PR,Serviços Financeiros,2002-03-27,21.930184804928132,17461410.16,1,1,0,1646149.87,1340692.58
709,2024-01-01,SP,Alimentação,2014-11-19,9.117043121149898,2348764.92,0,0,1,340316.36,246302.5
710,2024-03-01,MG,Alimentação,1988-03-14,35.964407939767284,2718504.72,0,0,0,202800.38,128318.46
711,2024-02-01,ES,Saúde,2002-01-27,22.012320328542096,5289321.65,0,0,0,545903.92,422559.85
712,2024-02-01,RJ,Consultoria,1985-03-10,38.89664613278576,2289499.18,0,0,0,224910.37,146533.26
713,2024-01-01,SC,Comércio Atacadista,1987-06-23,36.525667351129364,5650234.58,1,0,0,679647.76,482758.84
714,2024-02-01,RJ,Alimentação,1989-09-10,34.392881587953454,2843174.0,0,1,1,161495.19,99521.44
715,2024-02-01,DF,Alimentação,2017-05-07,6.737850787132102,1720870.62,0,0,0,119392.13,96269.11
716,2024-02-01,SP,Saúde,2007-09-09,16.396988364134156,3132103.68,1,1,0,223809.11,141332.13
717,2024-02-01,ES,Construção Civil,1985-05-20,38.70225872689939,9603738.98,0,1,0,1189087.67,981918.13
718,2024-01-01,MG,Transporte e Logística,2003-09-21,20.279260780287473,5301890.81,1,0,0,365373.81,298166.09
719,2024-01-01,SP,Comércio Atacadista,1987-10-05,36.24093086926762,972817.93,0,0,1,104431.2,74787.96
720,2024-03-01,SP,Agronegócio,1987-10-24,36.35318275154004,9431380.6,1,1,1,674573.67,530277.0
721,2024-02-01,SP,Serviços Financeiros,2019-06-27,4.59958932238193,6065581.81,1,0,0,825904.75,623443.51
722,2024-03-01,RS,Alimentação,2020-01-27,4.093086926762491,1392283.63,0,1,0,200793.12,160788.89
723,2024-01-01,RJ,Alimentação,2018-02-02,5.9110198494182065,3126012.99,0,0,0,318382.23,225399.1
724,2024-01-01,GO,Educação,2021-10-09,2.2286105407255303,2575826.19,1,0,0,219539.95,174853.06
725,2024-01-01,MG,Construção Civil,2008-10-14,15.214236824093087,4726308.76,1,0,0,346938.37,248274.02
726,2024-01-01,SP,Alimentação,2007-01-16,16.958247775496236,3468913.32,0,0,0,190714.26,159292.46
727,2024-01-01,PR,Transporte e Logística,2019-09-10,4.309377138945927,4173158.63,0,0,0,320707.27,231420.13
728,2024-01-01,BA,Educação,2008-05-16,15.627652292950033,3333485.79,1,0,0,384762.86,275357.39
729,2024-01-01,SP,Comércio Varejista,1990-11-13,33.13347022587269,1385540.76,1,1,0,143211.84,114035.0
730,2024-02-01,SP,Construção Civil,1993-02-23,30.937713894592743,11015040.0,1,0,0,1590617.24,1281074.26
731,2024-03-01,SP,Serviços Financeiros,1982-08-14,41.54688569472964,4678190.53,1,0,0,419295.58,309701.06
732,2024-01-01,BA,Tecnologia,2001-04-11,22.72416153319644,6049351.12,0,1,0,722209.85,465788.85
733,2024-02-01,SC,Comércio Atacadista,2006-06-28,17.596167008898014,3490150.49,0,1,0,345288.53,247551.0
734,2024-02-01,RS,Saúde,2011-12-28,12.095824777549623,6421300.51,0,0,0,650205.62,547484.91
735,2024-03-01,PE,Serviços Financeiros,1995-07-05,28.657084188911703,13382137.9,1,0,1,1027446.18,809880.9
736,2024-01-01,GO,Comércio Atacadista,2013-09-18,10.286105407255304,2758206.23,0,1,0,263395.12,211451.14
737,2024-03-01,PR,Educação,1984-04-15,39.87679671457906,4378331.6,0,0,0,425041.86,258513.17
738,2024-01-01,PE,Consultoria,1985-08-08,38.39835728952772,3921047.02,0,0,0,473130.21,339217.74
739,2024-02-01,SP,Saúde,1986-01-10,38.05886379192334,6612372.21,0,0,0,952604.79,725556.47
740,2024-02-01,SP,Indústria Manufatureira,2021-10-14,2.299794661190965,3966504.65,0,0,1,328950.67,265630.35
741,2024-02-01,RJ,Agronegócio,1990-03-27,33.8507871321013,8026281.74,0,0,0,435185.37,266472.02
742,2024-02-01,SP,Comércio Varejista,1994-10-24,29.27310061601643,1579460.13,1,0,1,157360.84,127951.63
743,2024-03-01,RS,Construção Civil,1993-03-16,30.9596167008898,11488494.72,0,0,0,1199928.85,884467.84
744,2024-01-01,CE,Alimentação,2023-08-16,0.37782340862423,1548633.67,0,0,0,103516.95,67216.51
745,2024-01-01,SP,Consultoria,2018-08-01,5.418206707734429,1612726.94,0,0,0,203278.52,138089.91
746,2024-03-01,SP,Consultoria,1983-07-17,40.62422997946612,2496231.77,1,1,0,370672.72,248529.53
747,2024-01-01,MG,Serviços Financeiros,2000-04-07,23.734428473648187,10297437.15,0,0,0,1488777.43,1090849.19
748,2024-02-01,CE,Comércio Varejista,2005-01-02,19.080082135523615,782587.15,0,0,0,54554.62,33437.7
749,2024-01-01,RJ,Tecnologia,1992-10-27,31.17864476386037,6836746.61,1,0,0,940301.0,601448.53
750,2024-02-01,RS,Comércio Atacadista,2008-08-10,15.477070499657769,4980460.88,1,0,1,599893.34,481818.29
751,2024-03-01,SP,Comércio Atacadista,2003-02-14,21.04312114989733,2777135.41,0,0,0,264896.11,167719.23
752,2024-01-01,SP,Serviços Financeiros,1985-05-24,38.60643394934976,9917308.75,0,0,0,1032006.05,679420.22
753,2024-03-01,ES,Transporte e Logística,1996-07-12,27.63586584531143,3713872.77,0,0,0,501224.33,357544.7
754,2024-01-01,ES,Transporte e Logística,1981-01-19,42.94866529774127,3492046.08,1,0,0,342267.64,249609.02
755,2024-02-01,SP,Alimentação,2004-06-18,19.62217659137577,2805156.27,0,0,0,244948.31,193730.26
756,2024-03-01,ES,Indústria Manufatureira,1992-07-17,31.62217659137577,9165569.01,1,0,0,910367.84,648029.97
757,2024-01-01,SC,Agronegócio,1999-09-09,24.31211498973306,11852988.65,1,0,0,1279091.33,1020032.05
758,2024-02-01,PE,Saúde,2016-10-22,7.277207392197125,3494767.95,1,0,0,240816.65,181717.01
759,2024-03-01,MG,Tecnologia,2006-03-04,17.99315537303217,7903444.8,1,1,0,1107199.69,695625.81
760,2024-03-01,RS,Alimentação,1997-06-18,26.702258726899384,4519851.4,1,0,0,530715.05,339170.89
761,2024-01-01,RS,Comércio Varejista,2021-03-07,2.8199863107460645,534737.18,1,0,0,60600.1,42981.13
762,2024-01-01,SC,Transporte e Logística,2006-07-17,17.45927446954141,7646564.86,1,0,0,458408.68,320529.59
763,2024-01-01,SP,Indústria Manufatureira,1981-01-05,42.98699520876112,12156302.2,1,0,0,1342267.21,1054869.1
764,2024-02-01,SP,Indústria Manufatureira,2011-08-17,12.459958932238193,10618565.52,1,0,0,659371.15,491353.02
765,2024-01-01,RJ,Serviços Financeiros,2000-10-17,23.20602327173169,15327110.65,1,0,1,886976.33,618252.01
766,2024-03-01,BA,Tecnologia,1986-10-11,37.38809034907597,8432957.97,1,0,0,866326.96,556779.74
767,2024-03-01,SP,Educação,1987-10-24,36.35318275154004,5514026.64,0,0,0,497798.35,326908.79
768,2024-01-01,SC,Saúde,2017-10-11,6.223134839151267,4358573.45,1,0,0,474565.95,353017.87
769,2024-01-01,ES,Agronegócio,2002-09-18,21.286789869952088,4744936.96,0,1,0,279582.2,197345.81
770,2024-03-01,SP,Construção Civil,2001-10-10,22.390143737166323,8623741.53,1,0,0,802855.73,585066.56
771,2024-02-01,SC,Serviços Financeiros,2000-01-12,24.05475701574264,14563116.82,1,0,0,982699.78,631551.03
772,2024-01-01,MG,Saúde,1994-02-14,29.87816563997262,10180124.89,0,0,1,1513886.46,1159223.08
773,2024-01-01,PE,Construção Civil,2005-12-28,18.00958247775496,5958443.71,0,1,0,632280.38,514129.11
774,2024-03-01,SP,Construção Civil,2010-01-20,14.11088295687885,7904510.75,0,0,0,938610.74,623692.64
775,2024-01-01,BA,Tecnologia,2000-11-26,23.096509240246405,6757065.47,0,0,0,557740.54,403178.67
776,2024-02-01,GO,Tecnologia,2022-10-19,1.2867898699520877,3080106.26,0,0,0,183185.91,154587.26
777,2024-03-01,ES,Alimentação,1990-01-19,34.11362080766598,4150502.96,1,0,0,612560.64,418569.08
778,2024-01-01,BA,Comércio Varejista,2001-09-21,22.27789185489391,1126070.83,1,0,0,88538.34,66294.11
779,2024-03-01,RS,Indústria Manufatureira,2011-07-05,12.657084188911705,8541297.44,1,0,0,789052.05,491223.5
780,2024-01-01,PR,Saúde,2016-04-02,7.748117727583847,5564943.39,1,1,1,639892.76,480881.81
781,2024-01-01,PE,Serviços Financeiros,2005-12-04,18.075290896646134,11758014.18,1,0,0,616939.83,383988.25
782,2024-01-01,PR,Alimentação,1988-08-11,35.389459274469544,4099415.17,0,0,0,537129.62,451086.21
783,2024-02-01,SP,Comércio Atacadista,1998-07-23,25.527720739219713,7099535.94,1,0,0,735922.41,573221.49
784,2024-02-01,CE,Serviços Financeiros,1988-09-25,35.351129363449694,16662235.98,0,0,0,1296683.84,1033508.82
785,2024-03-01,BA,Comércio Varejista,2006-08-28,17.508555783709788,911720.9,0,0,0,51202.97,39734.84
786,2024-01-01,SC,Agronegócio,2017-12-02,6.080766598220397,2897603.92,1,1,0,191965.8,143481.43
787,2024-01-01,SP,Consultoria,2011-09-07,12.317590691307323,1364417.9,1,0,0,190340.92,135613.75
788,2024-02-01,SC,Consultoria,2004-11-16,19.208761122518823,3011161.65,1,0,0,357131.07,290916.59
789,2024-01-01,MG,Indústria Manufatureira,2003-06-06,20.57221081451061,7402558.41,1,0,0,555119.13,465860.92
790,2024-02-01,SC,Consultoria,2000-09-11,23.38945927446954,1816065.88,1,0,0,102716.83,74444.95
791,2024-01-01,SP,Consultoria,2004-11-25,19.09924709103354,1812424.65,0,0,0,215790.05,179728.03
792,2024-03-01,SC,Comércio Atacadista,2018-11-21,5.27583846680356,2006357.4,1,0,0,215163.32,160475.95
793,2024-01-01,ES,Transporte e Logística,2015-05-20,8.618754277891854,4490262.16,1,1,0,406152.98,298358.37
794,2024-01-01,SP,Agronegócio,2001-04-09,22.729637234770706,7126066.08,0,0,1,615415.23,439173.03
795,2024-02-01,ES,Tecnologia,2004-04-10,19.811088295687885,3513055.56,0,0,0,251820.84,164268.26
796,2024-01-01,MG,Construção Civil,2013-12-07,10.067077344284737,6069421.23,0,0,0,709886.34,426591.94
797,2024-01-01,PE,Transporte e Logística,2010-08-11,13.390828199863108,4452165.41,1,0,0,654765.73,432391.94
798,2024-02-01,DF,Serviços Financeiros,2001-09-26,22.349075975359344,9064808.51,1,0,0,612522.93,445568.04
799,2024-03-01,PR,Serviços Financeiros,2011-05-04,12.826830937713895,11052511.05,1,0,0,1212589.36,842737.46
800,2024-03-01,BA,Consultoria,2005-09-13,18.46406570841889,2016405.57,1,0,1,186353.19,132706.08
801,2024-02-01,PE,Tecnologia,2019-07-27,4.517453798767967,4900430.88,1,0,0,463918.26,392086.11
802,2024-02-01,MG,Comércio Varejista,1995-03-10,28.89801505817933,1441311.58,0,0,0,108696.12,74735.98
803,2024-02-01,RJ,Saúde,1981-12-03,42.16290212183436,8945871.57,0,1,0,1185448.64,845279.1
804,2024-02-01,SC,Transporte e Logística,1995-08-21,28.449007529089666,4060237.27,1,1,0,400037.15,253375.09
805,2024-02-01,GO,Transporte e Logística,1991-08-07,32.48733744010951,6434331.61,1,0,0,671361.93,410866.4
806,2024-03-01,DF,Educação,1988-09-09,35.474332648870636,4428682.19,1,0,0,356403.03,282931.4
807,2024-03-01,GO,Agronegócio,2021-12-09,2.2258726899383983,2230247.58,1,0,0,152060.17,112930.65
808,2024-02-01,MG,Indústria Manufatureira,1986-10-24,37.27310061601643,14979579.96,1,0,0,877669.15,693513.28
809,2024-01-01,GO,Agronegócio,2005-04-02,18.748802190280628,5118191.84,1,0,0,621409.47,396127.22
810,2024-02-01,SP,Saúde,2009-09-08,14.39835728952772,3935108.48,1,1,0,273975.74,203552.25
811,2024-01-01,RS,Serviços Financeiros,2008-01-04,15.991786447638603,6262618.07,0,0,0,745298.74,494439.1
812,2024-02-01,SP,Serviços Financeiros,1998-12-16,25.127994524298426,13655233.58,1,0,1,1215829.83,798818.99
813,2024-02-01,RJ,Serviços Financeiros,1984-03-01,39.92060232717317,6777763.55,0,0,0,620690.51,374202.83
814,2024-03-01,RJ,Educação,2022-03-14,1.9657768651608487,2343366.62,1,0,0,227113.82,143668.84
815,2024-01-01,MG,Serviços Financeiros,2008-08-16,15.375770020533881,11615229.0,1,0,0,1007863.3,682642.98
816,2024-01-01,BA,Saúde,2008-05-11,15.641341546885695,5793909.73,1,0,0,347993.79,218964.55
817,2024-03-01,MG,Alimentação,1992-01-25,32.09856262833676,4551707.04,1,0,0,368520.68,311939.71
818,2024-03-01,MG,Tecnologia,1983-10-08,40.39698836413415,9208979.56,1,0,0,1071680.59,725697.26
819,2024-03-01,SP,Indústria Manufatureira,2003-12-28,20.175222450376456,6464750.04,0,0,0,753650.48,476744.96
820,2024-03-01,MG,Saúde,2021-03-14,2.965092402464066,4598963.43,0,0,0,361581.68,234945.14
821,2024-01-01,SP,Consultoria,2018-03-02,5.834360027378508,1336117.64,0,1,0,128281.01,95816.39
822,2024-01-01,SP,Alimentação,2023-07-26,0.4353182751540041,1502124.2,0,0,0,104164.39,64166.4
823,2024-02-01,PR,Indústria Manufatureira,2001-12-28,22.094455852156056,8526104.95,0,1,0,605670.69,493990.18
824,2024-02-01,SC,Saúde,2020-01-01,4.084873374401095,3869108.92,1,0,0,202372.62,170068.87
825,2024-03-01,PR,Alimentação,1993-10-04,30.406570841889117,3144708.1,1,0,0,439236.02,290636.7
826,2024-03-01,MG,Serviços Financeiros,2020-06-10,3.7234770704996576,6049929.79,1,0,0,429972.54,306365.68
827,2024-03-01,MG,Tecnologia,1999-11-18,24.28473648186174,4180901.08,0,0,1,304174.72,184188.02
828,2024-02-01,PE,Transporte e Logística,2003-03-28,20.84873374401095,6890157.93,0,1,1,537157.7,408335.23
829,2024-02-01,RS,Agronegócio,2002-05-07,21.738535249828885,8774020.26,1,0,0,550489.11,387258.92
830,2024-02-01,RS,Construção Civil,2015-06-06,8.657084188911705,5228898.08,0,0,0,595708.95,397644.43
831,2024-02-01,SP,Tecnologia,2012-11-09,11.227926078028748,4024914.11,0,0,1,231490.1,150864.24
832,2024-02-01,RJ,Transporte e Logística,2011-01-24,13.021218343600275,4925892.67,1,1,0,312401.31,238520.2
833,2024-02-01,MG,Comércio Varejista,1994-05-19,29.7056810403833,978968.28,1,0,1,112068.05,78901.99
834,2024-02-01,MG,Saúde,2009-04-06,14.822724161533197,5058534.98,1,1,0,424745.26,273924.52
835,2024-03-01,PR,Comércio Varejista,2006-11-13,17.297741273100616,1257325.17,0,1,0,151878.32,117292.17
836,2024-03-01,RS,Transporte e Logística,2016-09-11,7.468856947296373,2597945.65,1,0,0,274713.2,203636.13
837,2024-03-01,PR,Tecnologia,1983-11-04,40.323066392881586,8329351.87,0,0,0,629716.64,513010.0
838,2024-03-01,DF,Saúde,1988-03-16,35.95893223819302,7663023.06,1,0,1,881882.11,555029.24
839,2024-02-01,GO,Consultoria,1994-04-01,29.83709787816564,2902908.15,0,1,0,178898.59,142477.81
840,2024-01-01,BA,Construção Civil,1991-04-15,32.714579055441476,8488631.25,1,0,0,879770.56,675997.39
841,2024-02-01,ES,Serviços Financeiros,2013-06-10,10.64476386036961,10453228.64,0,0,0,979622.34,615940.23
842,2024-01-01,SP,Saúde,2005-10-01,18.250513347022586,4395064.97,0,0,0,337485.43,261114.23
843,2024-03-01,SP,Consultoria,1991-06-23,32.68993839835729,1369164.99,0,0,0,151156.5,107379.59
844,2024-02-01,SP,Saúde,1990-11-04,33.242984257357975,8345120.54,0,0,0,1144394.41,956995.48
845,2024-03-01,SC,Tecnologia,2000-03-13,23.967145790554415,4218267.29,1,0,0,632278.07,401751.28
846,2024-02-01,CE,Consultoria,2010-12-25,13.103353867214237,2398465.79,0,0,0,265693.11,202114.97
847,2024-03-01,SP,Tecnologia,1993-02-21,31.02258726899384,10503532.31,1,0,0,950260.74,660901.6
848,2024-01-01,CE,Alimentação,2020-05-12,3.6386036960985626,2107839.45,1,0,1,152862.01,128282.36
849,2024-01-01,SP,Transporte e Logística,2007-04-05,16.7419575633128,6068960.27,0,0,0,459478.61,313591.27
850,2024-01-01,CE,Comércio Atacadista,2001-08-24,22.354551676933607,6802203.4,1,0,0,666245.2,560010.05
851,2024-02-01,RJ,Saúde,2023-06-14,0.6351813826146475,3726795.05,0,0,0,323216.62,266773.78
852,2024-01-01,SP,Agronegócio,2010-08-25,13.352498288843258,6415523.25,0,1,0,907035.99,605533.43
853,2024-02-01,RS,Saúde,2003-11-27,20.18069815195072,8382731.25,1,0,0,727868.76,582939.49
854,2024-01-01,RJ,Transporte e Logística,1989-04-22,34.69404517453799,9540204.15,0,1,0,833283.97,707375.64
855,2024-01-01,RJ,Indústria Manufatureira,2013-02-17,10.869267624914443,10631131.76,1,0,1,939297.18,622909.72
856,2024-02-01,RJ,Comércio Varejista,1999-12-12,24.139630390143736,940568.01,1,0,0,125718.22,89158.65
857,2024-02-01,GO,Alimentação,1983-10-04,40.328542094455855,2226729.35,1,0,1,256249.41,187073.65
858,2024-01-01,RS,Serviços Financeiros,1982-09-17,41.28952772073922,10425529.31,0,0,0,1161580.0,782594.53
859,2024-02-01,RJ,Consultoria,1988-09-05,35.40588637919233,3633277.45,0,0,0,303067.3,182996.95
860,2024-01-01,PR,Comércio Atacadista,1987-09-15,36.29568788501027,5238738.42,0,0,0,690415.52,452244.48
861,2024-02-01,BA,Construção Civil,1985-04-23,38.776180698151954,9380557.04,0,0,0,505015.29,338604.78
862,2024-03-01,RJ,Construção Civil,2005-02-17,19.033538672142367,9119362.08,1,1,0,1250079.57,888681.48
863,2024-03-01,MG,Construção Civil,1999-01-15,25.125256673511295,5042823.93,1,0,0,510711.94,328273.19
864,2024-03-01,SP,Tecnologia,1985-07-15,38.62833675564682,7817630.92,0,1,0,702218.88,574635.25
865,2024-03-01,SP,Construção Civil,2004-09-15,19.457905544147845,10539500.88,1,0,0,1050964.54,815787.88
866,2024-03-01,BA,Serviços Financeiros,2009-05-24,14.770704996577686,10125183.17,1,0,0,1182029.61,734395.14
867,2024-01-01,SP,Alimentação,1980-05-27,43.59753593429158,4528286.05,1,0,1,232194.85,177053.94
868,2024-03-01,RS,Comércio Varejista,1980-04-19,43.865845311430526,1849014.8,0,0,0,253601.97,193603.32
869,2024-03-01,BA,Construção Civil,1983-07-12,40.63791923340178,9801570.15,0,0,1,927953.39,778604.2
870,2024-03-01,SP,Saúde,2010-09-02,13.494866529774127,3770522.16,1,0,0,317842.39,190945.48
871,2024-03-01,PR,Saúde,2021-02-16,3.0362765229295,4375962.61,0,0,0,279293.87,184887.83
872,2024-02-01,RJ,Tecnologia,1981-07-06,42.573579739904176,10135021.42,1,0,0,952150.17,792139.31
873,2024-01-01,ES,Serviços Financeiros,2013-11-24,10.102669404517453,8786122.58,0,0,1,875381.4,729222.01
874,2024-03-01,RS,Comércio Varejista,2008-07-12,15.63586584531143,848034.45,1,0,0,76632.35,59784.47
875,2024-03-01,GO,Comércio Atacadista,2023-07-15,0.6297056810403833,2063824.42,0,0,0,243254.75,192521.74
876,2024-03-01,PR,Transporte e Logística,2018-07-13,5.634496919917864,1976958.4,1,1,0,182057.41,113398.24
877,2024-01-01,SP,Comércio Varejista,1983-11-28,40.09308692676249,1667354.95,1,0,0,243670.18,177506.16
878,2024-02-01,SC,Transporte e Logística,2003-11-28,20.177960301163587,6645913.72,0,0,0,730570.35,480639.13
879,2024-01-01,ES,Indústria Manufatureira,1995-03-18,28.791238877481177,6658121.46,0,0,0,870534.69,561759.96
880,2024-02-01,PR,Transporte e Logística,1997-03-24,26.858316221765914,7381881.22,1,1,0,449819.29,361014.09
881,2024-03-01,GO,Alimentação,2023-01-25,1.0978781656399725,1774168.83,0,0,0,159194.62,100891.11
882,2024-03-01,PE,Agronegócio,1981-05-15,42.795345653661876,6067317.96,0,0,0,507742.11,364133.81
883,2024-01-01,SP,Alimentação,2009-09-14,14.297056810403832,1641628.47,0,0,0,175569.27,146537.94
884,2024-01-01,SP,Saúde,2003-04-08,20.733744010951405,6341702.89,0,0,0,863177.75,558008.18
885,2024-02-01,PR,Serviços Financeiros,2000-03-09,23.89869952087611,9665272.88,0,0,1,558979.67,472057.41
886,2024-02-01,MG,Educação,1988-12-25,35.10198494182067,6956930.95,1,0,0,398336.33,338017.06
887,2024-01-01,GO,Tecnologia,1984-11-14,39.12936344969199,9643346.39,1,0,1,1302158.14,962170.23
888,2024-02-01,CE,Agronegócio,2007-01-08,17.065023956194388,7408145.18,1,0,0,528089.69,339316.47
889,2024-01-01,RJ,Transporte e Logística,1989-02-20,34.861054072553046,7230773.13,1,0,0,845098.96,573844.36
890,2024-02-01,SP,Construção Civil,1981-10-22,42.27789185489391,13992601.54,1,0,0,1459257.82,1030415.81
891,2024-01-01,DF,Serviços Financeiros,2010-01-08,13.979466119096509,10652183.99,1,1,1,1419822.78,961690.06
892,2024-01-01,RJ,Agronegócio,2012-07-15,11.463381245722108,6331619.67,1,1,0,395782.52,265237.18
893,2024-01-01,GO,Tecnologia,1990-04-25,33.686516084873375,5294412.35,1,0,1,333433.07,281103.23
894,2024-02-01,MG,Saúde,2018-01-05,6.072553045859,7003133.96,1,0,1,740104.06,472438.92
895,2024-02-01,SC,Serviços Financeiros,2002-05-08,21.73579739904175,6980783.45,1,1,0,1009685.62,790919.03
896,2024-02-01,SP,Tecnologia,2015-12-19,8.120465434633813,3822571.69,0,0,0,349764.45,209894.55
897,2024-01-01,SC,Indústria Manufatureira,1994-10-25,29.1854893908282,5573003.26,1,0,0,460855.1,345201.52
898,2024-02-01,MG,Indústria Manufatureira,2009-06-08,14.650239561943874,9056494.16,0,0,0,1002272.54,830869.65
899,2024-02-01,PR,Alimentação,1993-03-22,30.863791923340177,3919999.24,0,0,0,560735.74,376805.18
900,2024-01-01,SP,Alimentação,2002-07-10,21.478439425051334,3825088.59,1,1,1,511386.74,330550.92
901,2024-03-01,BA,Tecnologia,1992-09-19,31.446954140999317,3587102.33,0,0,0,536445.27,409264.8
902,2024-01-01,PE,Agronegócio,2018-03-21,5.782340862422998,6018308.6,1,0,0,314497.9,244726.65
903,2024-02-01,SP,Alimentação,2009-09-16,14.376454483230663,1953706.84,0,0,0,119734.52,92435.96
904,2024-01-01,SP,Serviços Financeiros,1982-06-21,41.530458590006845,11941230.5,1,1,0,1324841.03,900665.64
905,2024-03-01,SP,Agronegócio,2009-09-11,14.469541409993155,7717988.55,1,0,0,1019219.38,675794.02
906,2024-01-01,SC,Alimentação,2010-07-05,13.492128678986996,2708793.14,0,0,0,212706.45,178456.39
907,2024-02-01,PR,Comércio Atacadista,1993-03-25,30.855578370978783,5497913.84,0,0,0,406411.89,337657.11
908,2024-03-01,RS,Transporte e Logística,2003-04-28,20.843258042436688,6329447.26,1,1,0,814584.54,581881.49
909,2024-02-01,SP,Comércio Atacadista,1989-12-05,34.157426420260094,5643185.96,1,0,0,313976.63,254807.25
910,2024-03-01,MG,Consultoria,2015-01-18,9.117043121149898,1568245.62,0,0,0,136340.55,97221.84
911,2024-03-01,PR,Indústria Manufatureira,1998-07-18,25.620807665982205,9752055.94,0,0,0,980870.78,692590.17
912,2024-01-01,RS,Saúde,2003-07-08,20.484599589322382,6028112.53,0,0,0,639190.11,408564.4
913,2024-01-01,ES,Comércio Varejista,1991-06-21,32.53114305270363,914166.46,0,0,0,112315.88,79362.57
914,2024-02-01,SP,Transporte e Logística,1983-08-28,40.42984257357974,8117516.24,0,0,1,693922.4,509584.86
915,2024-01-01,BA,Indústria Manufatureira,1996-09-24,27.26899383983573,11556519.32,1,1,0,1285875.81,778759.93
916,2024-01-01,MG,Agronegócio,2016-01-09,7.9780971937029435,5006002.14,0,0,1,543339.17,386329.5
917,2024-03-01,MG,Agronegócio,1996-10-20,27.362080766598222,11253517.85,0,1,0,1178936.65,937654.36
918,2024-01-01,BA,Agronegócio,1981-02-07,42.89664613278576,8434701.69,0,0,0,961963.64,740723.08
919,2024-03-01,BA,Saúde,2015-10-24,8.353182751540041,3752212.52,1,0,0,284961.47,216225.7
920,2024-03-01,ES,Comércio Atacadista,2009-04-16,14.874743326488707,2980435.22,1,0,0,174250.77,144173.15
921,2024-03-01,SP,Comércio Varejista,1989-06-10,34.724161533196444,1378650.13,1,1,0,85375.9,51610.41
922,2024-02-01,SP,Alimentação,2022-01-07,2.0670773442847366,1808179.13,1,0,0,131017.47,96856.23
923,2024-02-01,BA,Agronegócio,2021-12-04,2.1601642710472277,3102867.96,1,0,1,310348.21,247297.0
924,2024-02-01,PR,Educação,2012-08-08,11.482546201232033,2682384.17,0,1,1,359558.24,264395.34
925,2024-03-01,RJ,Consultoria,2010-12-07,13.232032854209445,1599363.33,0,1,0,192130.45,130835.82
926,2024-02-01,SP,Transporte e Logística,1997-04-18,26.78986995208761,4611957.37,1,1,0,594500.03,376950.26
927,2024-02-01,SP,Serviços Financeiros,1994-05-13,29.72210814510609,5979464.51,0,0,0,508837.85,418209.13
928,2024-01-01,CE,Alimentação,2000-11-12,23.134839151266256,3011006.71,1,0,0,272391.85,195493.07
929,2024-02-01,SP,Educação,1993-06-17,30.625598904859686,2202012.09,1,0,0,196789.83,161274.93
930,2024-02-01,RJ,Comércio Varejista,2018-08-04,5.494866529774128,548875.98,1,1,0,37975.26,28347.13
931,2024-03-01,SP,Saúde,2015-12-16,8.208076659822039,3223247.36,0,0,0,180894.01,139025.74
932,2024-03-01,RJ,Comércio Varejista,2013-06-07,10.732375085557837,1010763.63,1,0,0,110265.83,88330.13
933,2024-03-01,SP,Serviços Financeiros,1996-07-02,27.66324435318275,8287679.66,1,0,0,1234215.08,943913.98
934,2024-03-01,RS,Transporte e Logística,2004-04-24,19.852156057494867,3843960.06,1,0,0,256326.68,179304.02
935,2024-03-01,SP,Serviços Financeiros,1986-05-18,37.78781656399726,11069284.48,0,1,1,605140.98,440789.74
936,2024-03-01,GO,Tecnologia,2021-10-24,2.351813826146475,2769245.24,1,1,0,354333.7,283736.74
937,2024-02-01,SP,Transporte e Logística,1998-03-07,25.905544147843944,8095307.51,0,1,0,609241.52,422455.73
938,2024-03-01,RS,Comércio Varejista,1994-07-19,29.61806981519507,816750.38,0,0,1,108598.71,75696.6
939,2024-03-01,PE,Agronegócio,2016-08-18,7.534565366187543,4270095.2,0,1,0,514092.42,320753.84
940,2024-01-01,SC,Comércio Varejista,2008-11-11,15.137577002053389,965949.19,0,0,0,139644.72,115716.05
941,2024-02-01,RS,Comércio Varejista,1991-08-24,32.440793976728266,1580443.75,1,0,0,143650.84,89459.86
942,2024-02-01,RJ,Transporte e Logística,2008-08-15,15.463381245722108,3927248.23,1,0,0,456334.4,347750.68
943,2024-02-01,RJ,Consultoria,1987-06-06,36.6570841889117,1273710.36,0,0,1,122894.55,86431.57
944,2024-03-01,SC,Tecnologia,1986-09-16,37.45653661875428,7162265.5,1,0,0,809757.64,567967.94
945,2024-03-01,ES,Alimentação,1988-09-21,35.441478439425055,5271032.04,0,0,0,500536.63,385357.12
946,2024-03-01,SC,Comércio Varejista,2022-09-02,1.4948665297741273,582863.52,0,1,0,40137.86,24755.97
947,2024-01-01,PR,Educação,2016-02-27,7.84394250513347,2683690.57,0,0,1,270488.48,202440.73
948,2024-03-01,BA,Indústria Manufatureira,2009-01-14,15.126625598904859,5383024.9,0,0,0,553689.44,439080.12
949,2024-01-01,MG,Construção Civil,1986-11-08,37.14715947980835,6502985.23,0,0,0,852283.75,687838.32
950,2024-02-01,SP,Construção Civil,1982-03-01,41.921971252566735,10054124.95,0,0,0,1242207.95,798283.32
951,2024-03-01,PR,Comércio Varejista,1989-08-12,34.55167693360712,715107.9,1,0,0,83223.66,68605.82
952,2024-01-01,ES,Educação,1982-11-22,41.1088295687885,5554839.0,0,0,0,340726.66,260327.61
953,2024-01-01,SP,Consultoria,2021-08-22,2.3600273785078714,1000843.04,1,0,0,122164.53,100231.56
954,2024-03-01,BA,Agronegócio,2001-01-18,23.11567419575633,7489429.43,1,0,0,749171.49,540392.51
955,2024-02-01,SP,Saúde,2004-01-01,20.084873374401095,2437071.69,0,1,0,339752.05,249890.47
956,2024-02-01,RS,Saúde,2003-05-18,20.709103353867214,5025958.99,1,0,0,713621.31,592134.11
957,2024-02-01,SP,Transporte e Logística,2023-01-17,1.0403832991101984,1694386.9,1,0,0,94065.01,77601.5
958,2024-01-01,MG,Construção Civil,2015-11-14,8.131416837782341,1707087.94,1,0,0,225445.13,160526.0
959,2024-01-01,DF,Comércio Varejista,2015-03-04,8.829568788501026,837897.27,0,0,0,45053.52,30122.92
960,2024-01-01,RJ,Saúde,2020-09-05,3.3210130047912387,4872428.94,0,0,0,422522.24,295044.16
961,2024-01-01,SC,Comércio Varejista,1990-10-17,33.20739219712526,1673552.6,0,1,1,174434.38,121570.49
962,2024-02-01,GO,Transporte e Logística,1991-06-09,32.648870636550306,7528170.04,1,0,1,487901.3,327731.46
963,2024-03-01,CE,Construção Civil,2014-02-12,10.047912388774812,5262973.88,0,0,0,655931.7,437601.49
964,2024-01-01,SP,Serviços Financeiros,2022-08-19,1.3689253935660506,6633806.96,0,0,1,337232.7,274934.26
965,2024-01-01,MG,Consultoria,1990-12-08,33.06502395619439,4101467.88,1,1,0,274223.75,169323.7
966,2024-02-01,SP,Indústria Manufatureira,1993-02-21,30.94318959616701,11711773.68,1,0,0,1265804.79,973913.74
967,2024-03-01,ES,Indústria Manufatureira,2023-11-25,0.2655715263518138,2939636.43,1,0,0,356985.79,229615.05
968,2024-03-01,CE,Saúde,1981-07-13,42.63381245722108,5951292.97,0,0,0,843085.81,578463.5
969,2024-02-01,RS,Indústria Manufatureira,1996-08-02,27.498973305954827,16146421.61,1,0,0,1946445.72,1197814.98
970,2024-02-01,PE,Consultoria,2008-12-06,15.154004106776181,2061944.22,0,1,0,241614.35,161275.99
971,2024-03-01,RS,Serviços Financeiros,1983-07-21,40.61327857631759,50000.0,1,0,0,4471.71,3542.06
972,2024-01-01,SC,Consultoria,2014-10-28,9.177275838466803,979171.22,0,0,0,49084.33,40310.69
973,2024-03-01,SP,Comércio Varejista,2022-09-02,1.4948665297741273,468945.65,0,0,1,29082.1,19059.88
974,2024-02-01,DF,Transporte e Logística,1990-12-19,33.11978097193703,8192172.32,0,0,0,847524.91,606732.03
975,2024-01-01,SP,Alimentação,2000-01-03,23.994524298425734,3029231.84,0,1,0,355974.09,255440.25
976,2024-01-01,GO,Serviços Financeiros,2010-05-18,13.623545516769337,11064916.19,1,0,0,1015148.84,830791.54
977,2024-02-01,DF,Alimentação,2004-01-06,20.071184120465436,2530949.97,1,0,1,311478.7,246286.13
978,2024-02-01,BA,Transporte e Logística,2020-06-01,3.668720054757016,1215129.14,0,0,0,124169.47,90428.81
979,2024-02-01,SP,Transporte e Logística,2022-10-05,1.325119780971937,2272542.45,0,0,0,130483.98,100170.83
980,2024-03-01,RJ,Construção Civil,2013-12-27,10.17659137577002,6659874.14,0,0,0,460874.11,374155.47
981,2024-03-01,RJ,Alimentação,1997-02-10,27.052703627652292,3806275.9,1,0,0,510040.29,307240.49
982,2024-01-01,RJ,Comércio Varejista,1987-04-19,36.70362765229295,779334.59,0,1,0,95461.69,66892.15
983,2024-02-01,SP,Educação,2016-07-22,7.529089664613279,2216579.05,1,0,0,309160.02,255616.84
984,2024-01-01,CE,Indústria Manufatureira,2019-06-13,4.553045859000685,9973828.07,1,0,0,615940.98,483561.87
985,2024-01-01,PR,Alimentação,2013-03-26,10.767967145790555,1453831.1,0,0,0,216653.19,159393.99
986,2024-01-01,RJ,Educação,2023-12-03,0.07939767282683094,2165352.84,0,0,1,153611.58,112506.83
987,2024-01-01,MG,Construção Civil,2002-06-02,21.582477754962355,3085397.32,1,0,0,157904.43,108471.26
988,2024-02-01,MG,Transporte e Logística,1984-04-27,39.76454483230664,7869609.67,1,0,0,1178413.4,860395.14
989,2024-01-01,PR,Saúde,1983-10-25,40.186173853524984,5126116.68,1,0,0,400387.59,305834.38
990,2024-02-01,RS,Consultoria,2007-10-13,16.303901437371664,2440986.79,1,0,0,285112.01,200887.28
991,2024-02-01,CE,Indústria Manufatureira,2022-06-01,1.6700889801505818,2986615.48,0,0,0,202098.99,157341.8
992,2024-03-01,RS,Indústria Manufatureira,2007-08-16,16.542094455852155,8939386.26,0,1,0,965658.01,787308.76
993,2024-02-01,ES,Comércio Varejista,1990-09-13,33.385352498288846,909256.14,1,0,0,127662.74,81534.52
994,2024-03-01,PE,Tecnologia,1999-11-19,24.281998631074607,5217430.47,0,1,0,427923.82,305061.23
995,2024-02-01,SP,Comércio Atacadista,2009-02-25,14.932238193018481,3956410.63,0,0,1,463000.53,325028.7
996,2024-02-01,CE,Comércio Atacadista,2007-04-23,16.777549623545518,3202899.27,0,0,1,220328.59,170064.19
997,2024-02-01,SP,Comércio Atacadista,1983-05-05,40.74469541409993,5570572.17,1,0,0,626575.39,415085.44
998,2024-03-01,GO,Tecnologia,1996-11-05,27.318275154004105,6691378.58,0,0,0,559700.6,425407.56
999,2024-03-01,MG,Comércio Varejista,2012-06-12,11.718001368925394,809005.77,1,0,0,57537.16,47144.35
1000,2024-01-01,PE,Tecnologia,1984-01-10,39.97535934291581,8501444.56,1,1,0,691322.21,487059.24
